match_id,season,date,match_type,event,stage,city,venue,team1,team2,toss_winner,toss_decision,innings,over,ball,batting_team,bowling_team,striker,non_striker,bowler,runs_off_bat,extras,wides,noballs,byes,legbyes,penalty,wicket_type,player_dismissed,fielder,runs,wickets,current_run_rate,required_run_rate,balls_remaining,target,partnership_runs,partnership_balls,is_boundary,is_dot_ball,is_wicket,batter_runs,batter_balls,batter_fours,batter_sixes,strike_rate,bowler_runs,bowler_wickets,bowler_balls,economy,powerplay,winner,winner_runs,winner_wickets,player_of_match,umpire1,umpire2,tv_umpire,match_referee
7001,2025,2025-05-18,T20,IPL 2025,League,Mumbai,Wankhede Stadium,MI,CSK,MI,bat,1,0,1,MI,CSK,Rohit Sharma,Ishan Kishan,Shivam Dube,1,0,,,,,,,,,1,0,6.0,,119,,1,1,0,0,0,1,1,0,0,100.0,1,0,1,6.0,1,CSK,0,6,Suryakumar Yadav,Nitin Menon,Anil Chaudhary,KN Ananthapadmanabhan,Javagal Srinath
7001,2025,2025-05-18,T20,IPL 2025,League,Mumbai,Wankhede Stadium,MI,CSK,MI,bat,1,0,2,MI,CSK,Ishan Kishan,Rohit Sharma,Shivam Dube,0,0,,,,,,,,,1,0,3.0,,118,,1,2,0,1,0,0,1,0,0,0.0,1,0,2,3.0,1,CSK,0,6,Suryakumar Yadav,Nitin Menon,Anil Chaudhary,KN Ananthapadmanabhan,Javagal Srinath
7001,2025,2025-05-18,T20,IPL 2025,League,Mumbai,Wankhede Stadium,MI,CSK,MI,bat,1,0,3,MI,CSK,Ishan Kishan,Rohit Sharma,Shivam Dube,1,0,,,,,,bowled,Ishan Kishan,,2,1,4.0,,117,,1,1,0,0,1,1,2,0,0,50.0,2,1,3,4.0,1,CSK,0,6,Suryakumar Yadav,Nitin Menon,Anil Chaudhary,KN Ananthapadmanabhan,Javagal Srinath
7001,2025,2025-05-18,T20,IPL 2025,League,Mumbai,Wankhede Stadium,MI,CSK,MI,bat,1,0,4,MI,CSK,Suryakumar Yadav,Rohit Sharma,Shivam Dube,0,0,,,,,,caught,Suryakumar Yadav,Tushar Deshpande,2,2,3.0,,116,,0,1,0,1,1,0,1,0,0,0.0,2,2,4,3.0,1,CSK,0,6,Suryakumar Yadav,Nitin Menon,Anil Chaudhary,KN Ananthapadmanabhan,Javagal Srinath
7001,2025,2025-05-18,T20,IPL 2025,League,Mumbai,Wankhede Stadium,MI,CSK,MI,bat,1,0,5,MI,CSK,Tilak Varma,Rohit Sharma,Shivam Dube,0,0,,,,,,,,,2,2,2.4,,115,,0,2,0,1,0,0,1,0,0,0.0,2,2,5,2.4,1,CSK,0,6,Suryakumar Yadav,Nitin Menon,Anil Chaudhary,KN Ananthapadmanabhan,Javagal Srinath
7001,2025,2025-05-18,T20,IPL 2025,League,Mumbai,Wankhede Stadium,MI,CSK,MI,bat,1,0,6,MI,CSK,Tilak Varma,Rohit Sharma,Shivam Dube,1,0,,,,,,,,,3,2,3.0,,114,,1,3,0,0,0,1,2,0,0,50.0,3,2,6,3.0,1,CSK,0,6,Suryakumar Yadav,Nitin Menon,Anil Chaudhary,KN Ananthapadmanabhan,Javagal Srinath
7001,2025,2025-05-18,T20,IPL 2025,League,Mumbai,Wankhede Stadium,MI,CSK,MI,bat,1,1,1,MI,CSK,Tilak Varma,Rohit Sharma,Ravindra Jadeja,0,0,,,,,,,,,3,2,2.57,,113,,1,4,0,1,0,1,3,0,0,33.33,0,0,1,0.0,1,CSK,0,6,Suryakumar Yadav,Nitin Menon,Anil Chaudhary,KN Ananthapadmanabhan,Javagal Srinath
7001,2025,2025-05-18,T20,IPL 2025,League,Mumbai,Wankhede Stadium,MI,CSK,MI,bat,1,1,2,MI,CSK,Tilak Varma,Rohit Sharma,Ravindra Jadeja,0,0,,,,,,,,,3,2,2.25,,112,,1,5,0,1,0,1,4,0,0,25.0,0,0,2,0.0,1,CSK,0,6,Suryakumar Yadav,Nitin Menon,Anil Chaudhary,KN Ananthapadmanabhan,Javagal Srinath
7001,2025,2025-05-18,T20,IPL 2025,League,Mumbai,Wankhede Stadium,MI,CSK,MI,bat,1,1,3,MI,CSK,Tilak Varma,Rohit Sharma,Ravindra Jadeja,1,0,,,,,,,,,4,2,2.67,,111,,2,6,0,0,0,2,5,0,0,40.0,1,0,3,2.0,1,CSK,0,6,Suryakumar Yadav,Nitin Menon,Anil Chaudhary,KN Ananthapadmanabhan,Javagal Srinath
7001,2025,2025-05-18,T20,IPL 2025,League,Mumbai,Wankhede Stadium,MI,CSK,MI,bat,1,1,4,MI,CSK,Rohit Sharma,Tilak Varma,Ravindra Jadeja,0,0,,,,,,,,,4,2,2.4,,110,,2,7,0,1,0,1,2,0,0,50.0,1,0,4,1.5,1,CSK,0,6,Suryakumar Yadav,Nitin Menon,Anil Chaudhary,KN Ananthapadmanabhan,Javagal Srinath
7001,2025,2025-05-18,T20,IPL 2025,League,Mumbai,Wankhede Stadium,MI,CSK,MI,bat,1,1,5,MI,CSK,Rohit Sharma,Tilak Varma,Ravindra Jadeja,1,0,,,,,,,,,5,2,2.73,,109,,3,8,0,0,0,2,3,0,0,66.67,2,0,5,2.4,1,CSK,0,6,Suryakumar Yadav,Nitin Menon,Anil Chaudhary,KN Ananthapadmanabhan,Javagal Srinath
7001,2025,2025-05-18,T20,IPL 2025,League,Mumbai,Wankhede Stadium,MI,CSK,MI,bat,1,1,6,MI,CSK,Tilak Varma,Rohit Sharma,Ravindra Jadeja,4,0,,,,,,,,,9,2,4.5,,108,,7,9,1,0,0,6,6,1,0,100.0,6,0,6,6.0,1,CSK,0,6,Suryakumar Yadav,Nitin Menon,Anil Chaudhary,KN Ananthapadmanabhan,Javagal Srinath
7001,2025,2025-05-18,T20,IPL 2025,League,Mumbai,Wankhede Stadium,MI,CSK,MI,bat,1,2,1,MI,CSK,Rohit Sharma,Tilak Varma,Deepak Chahar,1,1,,1,,,,,,,11,2,5.5,,108,,9,9,0,0,0,3,3,0,0,100.0,2,0,0,0,1,CSK,0,6,Suryakumar Yadav,Nitin Menon,Anil Chaudhary,KN Ananthapadmanabhan,Javagal Srinath
7001,2025,2025-05-18,T20,IPL 2025,League,Mumbai,Wankhede Stadium,MI,CSK,MI,bat,1,2,1,MI,CSK,Tilak Varma,Rohit Sharma,Deepak Chahar,3,0,,,,,,,,,14,2,6.46,,107,,12,10,0,0,0,9,7,1,0,128.57,5,0,1,30.0,1,CSK,0,6,Suryakumar Yadav,Nitin Menon,Anil Chaudhary,KN Ananthapadmanabhan,Javagal Srinath
7001,2025,2025-05-18,T20,IPL 2025,League,Mumbai,Wankhede Stadium,MI,CSK,MI,bat,1,2,2,MI,CSK,Rohit Sharma,Tilak Varma,Deepak Chahar,0,0,,,,,,,,,14,2,6.0,,106,,12,11,0,1,0,3,4,0,0,75.0,5,0,2,15.0,1,CSK,0,6,Suryakumar Yadav,Nitin Menon,Anil Chaudhary,KN Ananthapadmanabhan,Javagal Srinath
7001,2025,2025-05-18,T20,IPL 2025,League,Mumbai,Wankhede Stadium,MI,CSK,MI,bat,1,2,3,MI,CSK,Rohit Sharma,Tilak Varma,Deepak Chahar,0,0,,,,,,,,,14,2,5.6,,105,,12,12,0,1,0,3,5,0,0,60.0,5,0,3,10.0,1,CSK,0,6,Suryakumar Yadav,Nitin Menon,Anil Chaudhary,KN Ananthapadmanabhan,Javagal Srinath
7001,2025,2025-05-18,T20,IPL 2025,League,Mumbai,Wankhede Stadium,MI,CSK,MI,bat,1,2,4,MI,CSK,Rohit Sharma,Tilak Varma,Deepak Chahar,1,0,,,,,,,,,15,2,5.62,,104,,13,13,0,0,0,4,6,0,0,66.67,6,0,4,9.0,1,CSK,0,6,Suryakumar Yadav,Nitin Menon,Anil Chaudhary,KN Ananthapadmanabhan,Javagal Srinath
7001,2025,2025-05-18,T20,IPL 2025,League,Mumbai,Wankhede Stadium,MI,CSK,MI,bat,1,2,5,MI,CSK,Tilak Varma,Rohit Sharma,Deepak Chahar,0,0,,,,,,,,,15,2,5.29,,103,,13,14,0,1,0,9,8,1,0,112.5,6,0,5,7.2,1,CSK,0,6,Suryakumar Yadav,Nitin Menon,Anil Chaudhary,KN Ananthapadmanabhan,Javagal Srinath
7001,2025,2025-05-18,T20,IPL 2025,League,Mumbai,Wankhede Stadium,MI,CSK,MI,bat,1,2,6,MI,CSK,Tilak Varma,Rohit Sharma,Deepak Chahar,0,0,,,,,,,,,15,2,5.0,,102,,13,15,0,1,0,9,9,1,0,100.0,6,0,6,6.0,1,CSK,0,6,Suryakumar Yadav,Nitin Menon,Anil Chaudhary,KN Ananthapadmanabhan,Javagal Srinath
7001,2025,2025-05-18,T20,IPL 2025,League,Mumbai,Wankhede Stadium,MI,CSK,MI,bat,1,3,1,MI,CSK,Rohit Sharma,Tilak Varma,Shivam Dube,0,0,,,,,,,,,15,2,4.74,,101,,13,16,0,1,0,4,7,0,0,57.14,3,2,7,2.57,1,CSK,0,6,Suryakumar Yadav,Nitin Menon,Anil Chaudhary,KN Ananthapadmanabhan,Javagal Srinath
7001,2025,2025-05-18,T20,IPL 2025,League,Mumbai,Wankhede Stadium,MI,CSK,MI,bat,1,3,2,MI,CSK,Rohit Sharma,Tilak Varma,Shivam Dube,2,0,,,,,,,,,17,2,5.1,,100,,15,17,0,0,0,6,8,0,0,75.0,5,2,8,3.75,1,CSK,0,6,Suryakumar Yadav,Nitin Menon,Anil Chaudhary,KN Ananthapadmanabhan,Javagal Srinath
7001,2025,2025-05-18,T20,IPL 2025,League,Mumbai,Wankhede Stadium,MI,CSK,MI,bat,1,3,3,MI,CSK,Rohit Sharma,Tilak Varma,Shivam Dube,0,0,,,,,,,,,17,2,4.86,,99,,15,18,0,1,0,6,9,0,0,66.67,5,2,9,3.33,1,CSK,0,6,Suryakumar Yadav,Nitin Menon,Anil Chaudhary,KN Ananthapadmanabhan,Javagal Srinath
7001,2025,2025-05-18,T20,IPL 2025,League,Mumbai,Wankhede Stadium,MI,CSK,MI,bat,1,3,4,MI,CSK,Rohit Sharma,Tilak Varma,Shivam Dube,1,0,,,,,,,,,18,2,4.91,,98,,16,19,0,0,0,7,10,0,0,70.0,6,2,10,3.6,1,CSK,0,6,Suryakumar Yadav,Nitin Menon,Anil Chaudhary,KN Ananthapadmanabhan,Javagal Srinath
7001,2025,2025-05-18,T20,IPL 2025,League,Mumbai,Wankhede Stadium,MI,CSK,MI,bat,1,3,5,MI,CSK,Tilak Varma,Rohit Sharma,Shivam Dube,4,0,,,,,,,,,22,2,5.74,,97,,20,20,1,0,0,13,10,2,0,130.0,10,2,11,5.45,1,CSK,0,6,Suryakumar Yadav,Nitin Menon,Anil Chaudhary,KN Ananthapadmanabhan,Javagal Srinath
7001,2025,2025-05-18,T20,IPL 2025,League,Mumbai,Wankhede Stadium,MI,CSK,MI,bat,1,3,6,MI,CSK,Tilak Varma,Rohit Sharma,Shivam Dube,0,0,,,,,,,,,22,2,5.5,,96,,20,21,0,1,0,13,11,2,0,118.18,10,2,12,5.0,1,CSK,0,6,Suryakumar Yadav,Nitin Menon,Anil Chaudhary,KN Ananthapadmanabhan,Javagal Srinath
7001,2025,2025-05-18,T20,IPL 2025,League,Mumbai,Wankhede Stadium,MI,CSK,MI,bat,1,4,1,MI,CSK,Rohit Sharma,Tilak Varma,Maheesh Theekshana,1,0,,,,,,,,,23,2,5.52,,95,,21,22,0,0,0,8,11,0,0,72.73,1,0,1,6.0,1,CSK,0,6,Suryakumar Yadav,Nitin Menon,Anil Chaudhary,KN Ananthapadmanabhan,Javagal Srinath
7001,2025,2025-05-18,T20,IPL 2025,League,Mumbai,Wankhede Stadium,MI,CSK,MI,bat,1,4,2,MI,CSK,Tilak Varma,Rohit Sharma,Maheesh Theekshana,0,0,,,,,,,,,23,2,5.31,,94,,21,23,0,1,0,13,12,2,0,108.33,1,0,2,3.0,1,CSK,0,6,Suryakumar Yadav,Nitin Menon,Anil Chaudhary,KN Ananthapadmanabhan,Javagal Srinath
7001,2025,2025-05-18,T20,IPL 2025,League,Mumbai,Wankhede Stadium,MI,CSK,MI,bat,1,4,3,MI,CSK,Tilak Varma,Rohit Sharma,Maheesh Theekshana,0,0,,,,,,bowled,Tilak Varma,,23,3,5.11,,93,,0,1,0,1,1,13,13,2,0,100.0,1,1,3,2.0,1,CSK,0,6,Suryakumar Yadav,Nitin Menon,Anil Chaudhary,KN Ananthapadmanabhan,Javagal Srinath
7001,2025,2025-05-18,T20,IPL 2025,League,Mumbai,Wankhede Stadium,MI,CSK,MI,bat,1,4,4,MI,CSK,Hardik Pandya,Rohit Sharma,Maheesh Theekshana,0,0,,,,,,,,,23,3,4.93,,92,,0,2,0,1,0,0,1,0,0,0.0,1,1,4,1.5,1,CSK,0,6,Suryakumar Yadav,Nitin Menon,Anil Chaudhary,KN Ananthapadmanabhan,Javagal Srinath
7001,2025,2025-05-18,T20,IPL 2025,League,Mumbai,Wankhede Stadium,MI,CSK,MI,bat,1,4,5,MI,CSK,Hardik Pandya,Rohit Sharma,Maheesh Theekshana,0,0,,,,,,,,,23,3,4.76,,91,,0,3,0,1,0,0,2,0,0,0.0,1,1,5,1.2,1,CSK,0,6,Suryakumar Yadav,Nitin Menon,Anil Chaudhary,KN Ananthapadmanabhan,Javagal Srinath
7001,2025,2025-05-18,T20,IPL 2025,League,Mumbai,Wankhede Stadium,MI,CSK,MI,bat,1,4,6,MI,CSK,Hardik Pandya,Rohit Sharma,Maheesh Theekshana,0,0,,,,,,,,,23,3,4.6,,90,,0,4,0,1,0,0,3,0,0,0.0,1,1,6,1.0,1,CSK,0,6,Suryakumar Yadav,Nitin Menon,Anil Chaudhary,KN Ananthapadmanabhan,Javagal Srinath
7001,2025,2025-05-18,T20,IPL 2025,League,Mumbai,Wankhede Stadium,MI,CSK,MI,bat,1,5,1,MI,CSK,Rohit Sharma,Hardik Pandya,Deepak Chahar,0,0,,,,,,,,,23,3,4.45,,89,,0,5,0,1,0,8,12,0,0,66.67,6,0,7,5.14,1,CSK,0,6,Suryakumar Yadav,Nitin Menon,Anil Chaudhary,KN Ananthapadmanabhan,Javagal Srinath
7001,2025,2025-05-18,T20,IPL 2025,League,Mumbai,Wankhede Stadium,MI,CSK,MI,bat,1,5,2,MI,CSK,Rohit Sharma,Hardik Pandya,Deepak Chahar,1,0,,,,,,,,,24,3,4.5,,88,,1,6,0,0,0,9,13,0,0,69.23,7,0,8,5.25,1,CSK,0,6,Suryakumar Yadav,Nitin Menon,Anil Chaudhary,KN Ananthapadmanabhan,Javagal Srinath
7001,2025,2025-05-18,T20,IPL 2025,League,Mumbai,Wankhede Stadium,MI,CSK,MI,bat,1,5,3,MI,CSK,Hardik Pandya,Rohit Sharma,Deepak Chahar,0,0,,,,,,caught and bowled,Hardik Pandya,Deepak Chahar,24,4,4.36,,87,,0,1,0,1,1,0,4,0,0,0.0,7,1,9,4.67,1,CSK,0,6,Suryakumar Yadav,Nitin Menon,Anil Chaudhary,KN Ananthapadmanabhan,Javagal Srinath
7001,2025,2025-05-18,T20,IPL 2025,League,Mumbai,Wankhede Stadium,MI,CSK,MI,bat,1,5,4,MI,CSK,Tim David,Rohit Sharma,Deepak Chahar,0,0,,,,,,,,,24,4,4.24,,86,,0,2,0,1,0,0,1,0,0,0.0,7,1,10,4.2,1,CSK,0,6,Suryakumar Yadav,Nitin Menon,Anil Chaudhary,KN Ananthapadmanabhan,Javagal Srinath
7001,2025,2025-05-18,T20,IPL 2025,League,Mumbai,Wankhede Stadium,MI,CSK,MI,bat,1,5,5,MI,CSK,Tim David,Rohit Sharma,Deepak Chahar,4,0,,,,,,,,,28,4,4.8,,85,,4,3,1,0,0,4,2,1,0,200.0,11,1,11,6.0,1,CSK,0,6,Suryakumar Yadav,Nitin Menon,Anil Chaudhary,KN Ananthapadmanabhan,Javagal Srinath
7001,2025,2025-05-18,T20,IPL 2025,League,Mumbai,Wankhede Stadium,MI,CSK,MI,bat,1,5,6,MI,CSK,Tim David,Rohit Sharma,Deepak Chahar,1,0,,,,,,,,,29,4,4.83,,84,,5,4,0,0,0,5,3,1,0,166.67,12,1,12,6.0,1,CSK,0,6,Suryakumar Yadav,Nitin Menon,Anil Chaudhary,KN Ananthapadmanabhan,Javagal Srinath
7001,2025,2025-05-18,T20,IPL 2025,League,Mumbai,Wankhede Stadium,MI,CSK,MI,bat,1,6,1,MI,CSK,Tim David,Rohit Sharma,Tushar Deshpande,0,0,,,,,,,,,29,4,4.7,,83,,5,5,0,1,0,5,4,1,0,125.0,0,0,1,0.0,0,CSK,0,6,Suryakumar Yadav,Nitin Menon,Anil Chaudhary,KN Ananthapadmanabhan,Javagal Srinath
7001,2025,2025-05-18,T20,IPL 2025,League,Mumbai,Wankhede Stadium,MI,CSK,MI,bat,1,6,2,MI,CSK,Tim David,Rohit Sharma,Tushar Deshpande,4,0,,,,,,,,,33,4,5.21,,82,,9,6,1,0,0,9,5,2,0,180.0,4,0,2,12.0,0,CSK,0,6,Suryakumar Yadav,Nitin Menon,Anil Chaudhary,KN Ananthapadmanabhan,Javagal Srinath
7001,2025,2025-05-18,T20,IPL 2025,League,Mumbai,Wankhede Stadium,MI,CSK,MI,bat,1,6,3,MI,CSK,Tim David,Rohit Sharma,Tushar Deshpande,0,0,,,,,,,,,33,4,5.08,,81,,9,7,0,1,0,9,6,2,0,150.0,4,0,3,8.0,0,CSK,0,6,Suryakumar Yadav,Nitin Menon,Anil Chaudhary,KN Ananthapadmanabhan,Javagal Srinath
7001,2025,2025-05-18,T20,IPL 2025,League,Mumbai,Wankhede Stadium,MI,CSK,MI,bat,1,6,4,MI,CSK,Tim David,Rohit Sharma,Tushar Deshpande,2,0,,,,,,,,,35,4,5.25,,80,,11,8,0,0,0,11,7,2,0,157.14,6,0,4,9.0,0,CSK,0,6,Suryakumar Yadav,Nitin Menon,Anil Chaudhary,KN Ananthapadmanabhan,Javagal Srinath
7001,2025,2025-05-18,T20,IPL 2025,League,Mumbai,Wankhede Stadium,MI,CSK,MI,bat,1,6,5,MI,CSK,Tim David,Rohit Sharma,Tushar Deshpande,1,0,,,,,,,,,36,4,5.27,,79,,12,9,0,0,0,12,8,2,0,150.0,7,0,5,8.4,0,CSK,0,6,Suryakumar Yadav,Nitin Menon,Anil Chaudhary,KN Ananthapadmanabhan,Javagal Srinath
7001,2025,2025-05-18,T20,IPL 2025,League,Mumbai,Wankhede Stadium,MI,CSK,MI,bat,1,6,6,MI,CSK,Rohit Sharma,Tim David,Tushar Deshpande,2,0,,,,,,,,,38,4,5.43,,78,,14,10,0,0,0,11,14,0,0,78.57,9,0,6,9.0,0,CSK,0,6,Suryakumar Yadav,Nitin Menon,Anil Chaudhary,KN Ananthapadmanabhan,Javagal Srinath
7001,2025,2025-05-18,T20,IPL 2025,League,Mumbai,Wankhede Stadium,MI,CSK,MI,bat,1,7,1,MI,CSK,Tim David,Rohit Sharma,Shivam Dube,0,0,,,,,,,,,38,4,5.3,,77,,14,11,0,1,0,12,9,2,0,133.33,10,2,13,4.62,0,CSK,0,6,Suryakumar Yadav,Nitin Menon,Anil Chaudhary,KN Ananthapadmanabhan,Javagal Srinath
7001,2025,2025-05-18,T20,IPL 2025,League,Mumbai,Wankhede Stadium,MI,CSK,MI,bat,1,7,2,MI,CSK,Tim David,Rohit Sharma,Shivam Dube,0,0,,,,,,,,,38,4,5.18,,76,,14,12,0,1,0,12,10,2,0,120.0,10,2,14,4.29,0,CSK,0,6,Suryakumar Yadav,Nitin Menon,Anil Chaudhary,KN Ananthapadmanabhan,Javagal Srinath
7001,2025,2025-05-18,T20,IPL 2025,League,Mumbai,Wankhede Stadium,MI,CSK,MI,bat,1,7,3,MI,CSK,Tim David,Rohit Sharma,Shivam Dube,0,0,,,,,,,,,38,4,5.07,,75,,14,13,0,1,0,12,11,2,0,109.09,10,2,15,4.0,0,CSK,0,6,Suryakumar Yadav,Nitin Menon,Anil Chaudhary,KN Ananthapadmanabhan,Javagal Srinath
7001,2025,2025-05-18,T20,IPL 2025,League,Mumbai,Wankhede Stadium,MI,CSK,MI,bat,1,7,4,MI,CSK,Tim David,Rohit Sharma,Shivam Dube,0,0,,,,,,,,,38,4,4.96,,74,,14,14,0,1,0,12,12,2,0,100.0,10,2,16,3.75,0,CSK,0,6,Suryakumar Yadav,Nitin Menon,Anil Chaudhary,KN Ananthapadmanabhan,Javagal Srinath
7001,2025,2025-05-18,T20,IPL 2025,League,Mumbai,Wankhede Stadium,MI,CSK,MI,bat,1,7,5,MI,CSK,Tim David,Rohit Sharma,Shivam Dube,1,0,,,,,,,,,39,4,4.98,,73,,15,15,0,0,0,13,13,2,0,100.0,11,2,17,3.88,0,CSK,0,6,Suryakumar Yadav,Nitin Menon,Anil Chaudhary,KN Ananthapadmanabhan,Javagal Srinath
7001,2025,2025-05-18,T20,IPL 2025,League,Mumbai,Wankhede Stadium,MI,CSK,MI,bat,1,7,6,MI,CSK,Rohit Sharma,Tim David,Shivam Dube,0,0,,,,,,,,,39,4,4.88,,72,,15,16,0,1,0,11,15,0,0,73.33,11,2,18,3.67,0,CSK,0,6,Suryakumar Yadav,Nitin Menon,Anil Chaudhary,KN Ananthapadmanabhan,Javagal Srinath
7001,2025,2025-05-18,T20,IPL 2025,League,Mumbai,Wankhede Stadium,MI,CSK,MI,bat,1,8,1,MI,CSK,Tim David,Rohit Sharma,Tushar Deshpande,0,1,1,,,,,,,,40,4,5.0,,72,,16,16,0,0,0,13,13,2,0,100.0,10,0,6,10.0,0,CSK,0,6,Suryakumar Yadav,Nitin Menon,Anil Chaudhary,KN Ananthapadmanabhan,Javagal Srinath
7001,2025,2025-05-18,T20,IPL 2025,League,Mumbai,Wankhede Stadium,MI,CSK,MI,bat,1,8,1,MI,CSK,Tim David,Rohit Sharma,Tushar Deshpande,0,1,1,,,,,,,,41,4,5.12,,72,,17,16,0,0,0,13,13,2,0,100.0,11,0,6,11.0,0,CSK,0,6,Suryakumar Yadav,Nitin Menon,Anil Chaudhary,KN Ananthapadmanabhan,Javagal Srinath
7001,2025,2025-05-18,T20,IPL 2025,League,Mumbai,Wankhede Stadium,MI,CSK,MI,bat,1,8,1,MI,CSK,Tim David,Rohit Sharma,Tushar Deshpande,3,0,,,,,,,,,44,4,5.39,,71,,20,17,0,0,0,16,14,2,0,114.29,14,0,7,12.0,0,CSK,0,6,Suryakumar Yadav,Nitin Menon,Anil Chaudhary,KN Ananthapadmanabhan,Javagal Srinath
7001,2025,2025-05-18,T20,IPL 2025,League,Mumbai,Wankhede Stadium,MI,CSK,MI,bat,1,8,2,MI,CSK,Rohit Sharma,Tim David,Tushar Deshpande,1,0,,,,,,,,,45,4,5.4,,70,,21,18,0,0,0,12,16,0,0,75.0,15,0,8,11.25,0,CSK,0,6,Suryakumar Yadav,Nitin Menon,Anil Chaudhary,KN Ananthapadmanabhan,Javagal Srinath
7001,2025,2025-05-18,T20,IPL 2025,League,Mumbai,Wankhede Stadium,MI,CSK,MI,bat,1,8,3,MI,CSK,Tim David,Rohit Sharma,Tushar Deshpande,4,0,,,,,,,,,49,4,5.76,,69,,25,19,1,0,0,20,15,3,0,133.33,19,0,9,12.67,0,CSK,0,6,Suryakumar Yadav,Nitin Menon,Anil Chaudhary,KN Ananthapadmanabhan,Javagal Srinath
7001,2025,2025-05-18,T20,IPL 2025,League,Mumbai,Wankhede Stadium,MI,CSK,MI,bat,1,8,4,MI,CSK,Tim David,Rohit Sharma,Tushar Deshpande,1,0,,,,,,,,,50,4,5.77,,68,,26,20,0,0,0,21,16,3,0,131.25,20,0,10,12.0,0,CSK,0,6,Suryakumar Yadav,Nitin Menon,Anil Chaudhary,KN Ananthapadmanabhan,Javagal Srinath
7001,2025,2025-05-18,T20,IPL 2025,League,Mumbai,Wankhede Stadium,MI,CSK,MI,bat,1,8,5,MI,CSK,Rohit Sharma,Tim David,Tushar Deshpande,0,0,,,,,,,,,50,4,5.66,,67,,26,21,0,1,0,12,17,0,0,70.59,20,0,11,10.91,0,CSK,0,6,Suryakumar Yadav,Nitin Menon,Anil Chaudhary,KN Ananthapadmanabhan,Javagal Srinath
7001,2025,2025-05-18,T20,IPL 2025,League,Mumbai,Wankhede Stadium,MI,CSK,MI,bat,1,8,6,MI,CSK,Rohit Sharma,Tim David,Tushar Deshpande,0,0,,,,,,,,,50,4,5.56,,66,,26,22,0,1,0,12,18,0,0,66.67,20,0,12,10.0,0,CSK,0,6,Suryakumar Yadav,Nitin Menon,Anil Chaudhary,KN Ananthapadmanabhan,Javagal Srinath
7001,2025,2025-05-18,T20,IPL 2025,League,Mumbai,Wankhede Stadium,MI,CSK,MI,bat,1,9,1,MI,CSK,Tim David,Rohit Sharma,Deepak Chahar,1,0,,,,,,,,,51,4,5.56,,65,,27,23,0,0,0,22,17,3,0,129.41,13,1,13,6.0,0,CSK,0,6,Suryakumar Yadav,Nitin Menon,Anil Chaudhary,KN Ananthapadmanabhan,Javagal Srinath
7001,2025,2025-05-18,T20,IPL 2025,League,Mumbai,Wankhede Stadium,MI,CSK,MI,bat,1,9,2,MI,CSK,Rohit Sharma,Tim David,Deepak Chahar,0,0,,,,,,,,,51,4,5.46,,64,,27,24,0,1,0,12,19,0,0,63.16,13,1,14,5.57,0,CSK,0,6,Suryakumar Yadav,Nitin Menon,Anil Chaudhary,KN Ananthapadmanabhan,Javagal Srinath
7001,2025,2025-05-18,T20,IPL 2025,League,Mumbai,Wankhede Stadium,MI,CSK,MI,bat,1,9,3,MI,CSK,Rohit Sharma,Tim David,Deepak Chahar,0,0,,,,,,,,,51,4,5.37,,63,,27,25,0,1,0,12,20,0,0,60.0,13,1,15,5.2,0,CSK,0,6,Suryakumar Yadav,Nitin Menon,Anil Chaudhary,KN Ananthapadmanabhan,Javagal Srinath
7001,2025,2025-05-18,T20,IPL 2025,League,Mumbai,Wankhede Stadium,MI,CSK,MI,bat,1,9,4,MI,CSK,Rohit Sharma,Tim David,Deepak Chahar,0,0,,,,,,,,,51,4,5.28,,62,,27,26,0,1,0,12,21,0,0,57.14,13,1,16,4.88,0,CSK,0,6,Suryakumar Yadav,Nitin Menon,Anil Chaudhary,KN Ananthapadmanabhan,Javagal Srinath
7001,2025,2025-05-18,T20,IPL 2025,League,Mumbai,Wankhede Stadium,MI,CSK,MI,bat,1,9,5,MI,CSK,Rohit Sharma,Tim David,Deepak Chahar,0,0,,,,,,,,,51,4,5.19,,61,,27,27,0,1,0,12,22,0,0,54.55,13,1,17,4.59,0,CSK,0,6,Suryakumar Yadav,Nitin Menon,Anil Chaudhary,KN Ananthapadmanabhan,Javagal Srinath
7001,2025,2025-05-18,T20,IPL 2025,League,Mumbai,Wankhede Stadium,MI,CSK,MI,bat,1,9,6,MI,CSK,Rohit Sharma,Tim David,Deepak Chahar,0,0,,,,,,,,,51,4,5.1,,60,,27,28,0,1,0,12,23,0,0,52.17,13,1,18,4.33,0,CSK,0,6,Suryakumar Yadav,Nitin Menon,Anil Chaudhary,KN Ananthapadmanabhan,Javagal Srinath
7001,2025,2025-05-18,T20,IPL 2025,League,Mumbai,Wankhede Stadium,MI,CSK,MI,bat,1,10,1,MI,CSK,Tim David,Rohit Sharma,Tushar Deshpande,0,0,,,,,,,,,51,4,5.02,,59,,27,29,0,1,0,22,18,3,0,122.22,20,0,13,9.23,0,CSK,0,6,Suryakumar Yadav,Nitin Menon,Anil Chaudhary,KN Ananthapadmanabhan,Javagal Srinath
7001,2025,2025-05-18,T20,IPL 2025,League,Mumbai,Wankhede Stadium,MI,CSK,MI,bat,1,10,2,MI,CSK,Tim David,Rohit Sharma,Tushar Deshpande,0,0,,,,,,,,,51,4,4.94,,58,,27,30,0,1,0,22,19,3,0,115.79,20,0,14,8.57,0,CSK,0,6,Suryakumar Yadav,Nitin Menon,Anil Chaudhary,KN Ananthapadmanabhan,Javagal Srinath
7001,2025,2025-05-18,T20,IPL 2025,League,Mumbai,Wankhede Stadium,MI,CSK,MI,bat,1,10,3,MI,CSK,Tim David,Rohit Sharma,Tushar Deshpande,0,0,,,,,,,,,51,4,4.86,,57,,27,31,0,1,0,22,20,3,0,110.0,20,0,15,8.0,0,CSK,0,6,Suryakumar Yadav,Nitin Menon,Anil Chaudhary,KN Ananthapadmanabhan,Javagal Srinath
7001,2025,2025-05-18,T20,IPL 2025,League,Mumbai,Wankhede Stadium,MI,CSK,MI,bat,1,10,4,MI,CSK,Tim David,Rohit Sharma,Tushar Deshpande,0,0,,,,,,,,,51,4,4.78,,56,,27,32,0,1,0,22,21,3,0,104.76,20,0,16,7.5,0,CSK,0,6,Suryakumar Yadav,Nitin Menon,Anil Chaudhary,KN Ananthapadmanabhan,Javagal Srinath
7001,2025,2025-05-18,T20,IPL 2025,League,Mumbai,Wankhede Stadium,MI,CSK,MI,bat,1,10,5,MI,CSK,Tim David,Rohit Sharma,Tushar Deshpande,1,0,,,,,,,,,52,4,4.8,,55,,28,33,0,0,0,23,22,3,0,104.55,21,0,17,7.41,0,CSK,0,6,Suryakumar Yadav,Nitin Menon,Anil Chaudhary,KN Ananthapadmanabhan,Javagal Srinath
7001,2025,2025-05-18,T20,IPL 2025,League,Mumbai,Wankhede Stadium,MI,CSK,MI,bat,1,10,6,MI,CSK,Rohit Sharma,Tim David,Tushar Deshpande,0,0,,,,,,,,,52,4,4.73,,54,,28,34,0,1,0,12,24,0,0,50.0,21,0,18,7.0,0,CSK,0,6,Suryakumar Yadav,Nitin Menon,Anil Chaudhary,KN Ananthapadmanabhan,Javagal Srinath
7001,2025,2025-05-18,T20,IPL 2025,League,Mumbai,Wankhede Stadium,MI,CSK,MI,bat,1,11,1,MI,CSK,Tim David,Rohit Sharma,Shivam Dube,0,0,,,,,,,,,52,4,4.66,,53,,28,35,0,1,0,23,23,3,0,100.0,11,2,19,3.47,0,CSK,0,6,Suryakumar Yadav,Nitin Menon,Anil Chaudhary,KN Ananthapadmanabhan,Javagal Srinath
7001,2025,2025-05-18,T20,IPL 2025,League,Mumbai,Wankhede Stadium,MI,CSK,MI,bat,1,11,2,MI,CSK,Tim David,Rohit Sharma,Shivam Dube,0,0,,,,,,,,,52,4,4.59,,52,,28,36,0,1,0,23,24,3,0,95.83,11,2,20,3.3,0,CSK,0,6,Suryakumar Yadav,Nitin Menon,Anil Chaudhary,KN Ananthapadmanabhan,Javagal Srinath
7001,2025,2025-05-18,T20,IPL 2025,League,Mumbai,Wankhede Stadium,MI,CSK,MI,bat,1,11,3,MI,CSK,Tim David,Rohit Sharma,Shivam Dube,0,0,,,,,,,,,52,4,4.52,,51,,28,37,0,1,0,23,25,3,0,92.0,11,2,21,3.14,0,CSK,0,6,Suryakumar Yadav,Nitin Menon,Anil Chaudhary,KN Ananthapadmanabhan,Javagal Srinath
7001,2025,2025-05-18,T20,IPL 2025,League,Mumbai,Wankhede Stadium,MI,CSK,MI,bat,1,11,4,MI,CSK,Tim David,Rohit Sharma,Shivam Dube,0,0,,,,,,,,,52,4,4.46,,50,,28,38,0,1,0,23,26,3,0,88.46,11,2,22,3.0,0,CSK,0,6,Suryakumar Yadav,Nitin Menon,Anil Chaudhary,KN Ananthapadmanabhan,Javagal Srinath
7001,2025,2025-05-18,T20,IPL 2025,League,Mumbai,Wankhede Stadium,MI,CSK,MI,bat,1,11,5,MI,CSK,Tim David,Rohit Sharma,Shivam Dube,0,0,,,,,,,,,52,4,4.39,,49,,28,39,0,1,0,23,27,3,0,85.19,11,2,23,2.87,0,CSK,0,6,Suryakumar Yadav,Nitin Menon,Anil Chaudhary,KN Ananthapadmanabhan,Javagal Srinath
7001,2025,2025-05-18,T20,IPL 2025,League,Mumbai,Wankhede Stadium,MI,CSK,MI,bat,1,11,6,MI,CSK,Tim David,Rohit Sharma,Shivam Dube,1,0,,,,,,bowled,Tim David,,53,5,4.42,,48,,1,1,0,0,1,24,28,3,0,85.71,12,3,24,3.0,0,CSK,0,6,Suryakumar Yadav,Nitin Menon,Anil Chaudhary,KN Ananthapadmanabhan,Javagal Srinath
7001,2025,2025-05-18,T20,IPL 2025,League,Mumbai,Wankhede Stadium,MI,CSK,MI,bat,1,12,1,MI,CSK,Rohit Sharma,Nehal Wadhera,Ravindra Jadeja,1,0,,,,,,,,,54,5,4.44,,47,,2,2,0,0,0,13,25,0,0,52.0,7,0,7,6.0,0,CSK,0,6,Suryakumar Yadav,Nitin Menon,Anil Chaudhary,KN Ananthapadmanabhan,Javagal Srinath
7001,2025,2025-05-18,T20,IPL 2025,League,Mumbai,Wankhede Stadium,MI,CSK,MI,bat,1,12,2,MI,CSK,Nehal Wadhera,Rohit Sharma,Ravindra Jadeja,1,0,,,,,,,,,55,5,4.46,,46,,3,3,0,0,0,1,1,0,0,100.0,8,0,8,6.0,0,CSK,0,6,Suryakumar Yadav,Nitin Menon,Anil Chaudhary,KN Ananthapadmanabhan,Javagal Srinath
7001,2025,2025-05-18,T20,IPL 2025,League,Mumbai,Wankhede Stadium,MI,CSK,MI,bat,1,12,3,MI,CSK,Rohit Sharma,Nehal Wadhera,Ravindra Jadeja,0,0,,,,,,,,,55,5,4.4,,45,,3,4,0,1,0,13,26,0,0,50.0,8,0,9,5.33,0,CSK,0,6,Suryakumar Yadav,Nitin Menon,Anil Chaudhary,KN Ananthapadmanabhan,Javagal Srinath
7001,2025,2025-05-18,T20,IPL 2025,League,Mumbai,Wankhede Stadium,MI,CSK,MI,bat,1,12,4,MI,CSK,Rohit Sharma,Nehal Wadhera,Ravindra Jadeja,4,0,,,,,,,,,59,5,4.66,,44,,7,5,1,0,0,17,27,1,0,62.96,12,0,10,7.2,0,CSK,0,6,Suryakumar Yadav,Nitin Menon,Anil Chaudhary,KN Ananthapadmanabhan,Javagal Srinath
7001,2025,2025-05-18,T20,IPL 2025,League,Mumbai,Wankhede Stadium,MI,CSK,MI,bat,1,12,5,MI,CSK,Rohit Sharma,Nehal Wadhera,Ravindra Jadeja,0,1,1,,,,,,,,60,5,4.74,,44,,8,5,0,0,0,17,27,1,0,62.96,13,0,10,7.8,0,CSK,0,6,Suryakumar Yadav,Nitin Menon,Anil Chaudhary,KN Ananthapadmanabhan,Javagal Srinath
7001,2025,2025-05-18,T20,IPL 2025,League,Mumbai,Wankhede Stadium,MI,CSK,MI,bat,1,12,5,MI,CSK,Rohit Sharma,Nehal Wadhera,Ravindra Jadeja,0,0,,,,,,,,,60,5,4.68,,43,,8,6,0,1,0,17,28,1,0,60.71,13,0,11,7.09,0,CSK,0,6,Suryakumar Yadav,Nitin Menon,Anil Chaudhary,KN Ananthapadmanabhan,Javagal Srinath
7001,2025,2025-05-18,T20,IPL 2025,League,Mumbai,Wankhede Stadium,MI,CSK,MI,bat,1,12,6,MI,CSK,Rohit Sharma,Nehal Wadhera,Ravindra Jadeja,4,0,,,,,,,,,64,5,4.92,,42,,12,7,1,0,0,21,29,2,0,72.41,17,0,12,8.5,0,CSK,0,6,Suryakumar Yadav,Nitin Menon,Anil Chaudhary,KN Ananthapadmanabhan,Javagal Srinath
7001,2025,2025-05-18,T20,IPL 2025,League,Mumbai,Wankhede Stadium,MI,CSK,MI,bat,1,13,1,MI,CSK,Nehal Wadhera,Rohit Sharma,Matheesha Pathirana,0,0,,,,,,,,,64,5,4.86,,41,,12,8,0,1,0,1,2,0,0,50.0,0,0,1,0.0,0,CSK,0,6,Suryakumar Yadav,Nitin Menon,Anil Chaudhary,KN Ananthapadmanabhan,Javagal Srinath
7001,2025,2025-05-18,T20,IPL 2025,League,Mumbai,Wankhede Stadium,MI,CSK,MI,bat,1,13,2,MI,CSK,Nehal Wadhera,Rohit Sharma,Matheesha Pathirana,2,0,,,,,,,,,66,5,4.95,,40,,14,9,0,0,0,3,3,0,0,100.0,2,0,2,6.0,0,CSK,0,6,Suryakumar Yadav,Nitin Menon,Anil Chaudhary,KN Ananthapadmanabhan,Javagal Srinath
7001,2025,2025-05-18,T20,IPL 2025,League,Mumbai,Wankhede Stadium,MI,CSK,MI,bat,1,13,3,MI,CSK,Nehal Wadhera,Rohit Sharma,Matheesha Pathirana,1,0,,,,,,,,,67,5,4.96,,39,,15,10,0,0,0,4,4,0,0,100.0,3,0,3,6.0,0,CSK,0,6,Suryakumar Yadav,Nitin Menon,Anil Chaudhary,KN Ananthapadmanabhan,Javagal Srinath
7001,2025,2025-05-18,T20,IPL 2025,League,Mumbai,Wankhede Stadium,MI,CSK,MI,bat,1,13,4,MI,CSK,Rohit Sharma,Nehal Wadhera,Matheesha Pathirana,4,0,,,,,,,,,71,5,5.2,,38,,19,11,1,0,0,25,30,3,0,83.33,7,0,4,10.5,0,CSK,0,6,Suryakumar Yadav,Nitin Menon,Anil Chaudhary,KN Ananthapadmanabhan,Javagal Srinath
7001,2025,2025-05-18,T20,IPL 2025,League,Mumbai,Wankhede Stadium,MI,CSK,MI,bat,1,13,5,MI,CSK,Rohit Sharma,Nehal Wadhera,Matheesha Pathirana,1,0,,,,,,,,,72,5,5.2,,37,,20,12,0,0,0,26,31,3,0,83.87,8,0,5,9.6,0,CSK,0,6,Suryakumar Yadav,Nitin Menon,Anil Chaudhary,KN Ananthapadmanabhan,Javagal Srinath
7001,2025,2025-05-18,T20,IPL 2025,League,Mumbai,Wankhede Stadium,MI,CSK,MI,bat,1,13,6,MI,CSK,Nehal Wadhera,Rohit Sharma,Matheesha Pathirana,0,0,,,,,,,,,72,5,5.14,,36,,20,13,0,1,0,4,5,0,0,80.0,8,0,6,8.0,0,CSK,0,6,Suryakumar Yadav,Nitin Menon,Anil Chaudhary,KN Ananthapadmanabhan,Javagal Srinath
7001,2025,2025-05-18,T20,IPL 2025,League,Mumbai,Wankhede Stadium,MI,CSK,MI,bat,1,14,1,MI,CSK,Rohit Sharma,Nehal Wadhera,Ravindra Jadeja,0,0,,,,,,,,,72,5,5.08,,35,,20,14,0,1,0,26,32,3,0,81.25,17,0,13,7.85,0,CSK,0,6,Suryakumar Yadav,Nitin Menon,Anil Chaudhary,KN Ananthapadmanabhan,Javagal Srinath
7001,2025,2025-05-18,T20,IPL 2025,League,Mumbai,Wankhede Stadium,MI,CSK,MI,bat,1,14,2,MI,CSK,Rohit Sharma,Nehal Wadhera,Ravindra Jadeja,1,0,,,,,,,,,73,5,5.09,,34,,21,15,0,0,0,27,33,3,0,81.82,18,0,14,7.71,0,CSK,0,6,Suryakumar Yadav,Nitin Menon,Anil Chaudhary,KN Ananthapadmanabhan,Javagal Srinath
7001,2025,2025-05-18,T20,IPL 2025,League,Mumbai,Wankhede Stadium,MI,CSK,MI,bat,1,14,3,MI,CSK,Nehal Wadhera,Rohit Sharma,Ravindra Jadeja,2,1,,1,,,,,,,76,5,5.3,,34,,24,15,0,0,0,6,5,0,0,120.0,21,0,14,9.0,0,CSK,0,6,Suryakumar Yadav,Nitin Menon,Anil Chaudhary,KN Ananthapadmanabhan,Javagal Srinath
7001,2025,2025-05-18,T20,IPL 2025,League,Mumbai,Wankhede Stadium,MI,CSK,MI,bat,1,14,3,MI,CSK,Nehal Wadhera,Rohit Sharma,Ravindra Jadeja,0,0,,,,,,,,,76,5,5.24,,33,,24,16,0,1,0,6,6,0,0,100.0,21,0,15,8.4,0,CSK,0,6,Suryakumar Yadav,Nitin Menon,Anil Chaudhary,KN Ananthapadmanabhan,Javagal Srinath
7001,2025,2025-05-18,T20,IPL 2025,League,Mumbai,Wankhede Stadium,MI,CSK,MI,bat,1,14,4,MI,CSK,Nehal Wadhera,Rohit Sharma,Ravindra Jadeja,0,0,,,,,,bowled,Nehal Wadhera,,76,6,5.18,,32,,0,1,0,1,1,6,7,0,0,85.71,21,1,16,7.88,0,CSK,0,6,Suryakumar Yadav,Nitin Menon,Anil Chaudhary,KN Ananthapadmanabhan,Javagal Srinath
7001,2025,2025-05-18,T20,IPL 2025,League,Mumbai,Wankhede Stadium,MI,CSK,MI,bat,1,14,5,MI,CSK,Piyush Chawla,Rohit Sharma,Ravindra Jadeja,1,0,,,,,,,,,77,6,5.19,,31,,1,2,0,0,0,1,1,0,0,100.0,22,1,17,7.76,0,CSK,0,6,Suryakumar Yadav,Nitin Menon,Anil Chaudhary,KN Ananthapadmanabhan,Javagal Srinath
7001,2025,2025-05-18,T20,IPL 2025,League,Mumbai,Wankhede Stadium,MI,CSK,MI,bat,1,14,6,MI,CSK,Rohit Sharma,Piyush Chawla,Ravindra Jadeja,2,1,,1,,,,,,,80,6,5.39,,31,,4,2,0,0,0,29,33,3,0,87.88,25,1,17,8.82,0,CSK,0,6,Suryakumar Yadav,Nitin Menon,Anil Chaudhary,KN Ananthapadmanabhan,Javagal Srinath
7001,2025,2025-05-18,T20,IPL 2025,League,Mumbai,Wankhede Stadium,MI,CSK,MI,bat,1,14,6,MI,CSK,Rohit Sharma,Piyush Chawla,Ravindra Jadeja,0,0,,,,,,,,,80,6,5.33,,30,,4,3,0,1,0,29,34,3,0,85.29,25,1,18,8.33,0,CSK,0,6,Suryakumar Yadav,Nitin Menon,Anil Chaudhary,KN Ananthapadmanabhan,Javagal Srinath
7001,2025,2025-05-18,T20,IPL 2025,League,Mumbai,Wankhede Stadium,MI,CSK,MI,bat,1,15,1,MI,CSK,Piyush Chawla,Rohit Sharma,Deepak Chahar,0,0,,,,,,,,,80,6,5.27,,29,,4,4,0,1,0,1,2,0,0,50.0,13,1,19,4.11,0,CSK,0,6,Suryakumar Yadav,Nitin Menon,Anil Chaudhary,KN Ananthapadmanabhan,Javagal Srinath
7001,2025,2025-05-18,T20,IPL 2025,League,Mumbai,Wankhede Stadium,MI,CSK,MI,bat,1,15,2,MI,CSK,Piyush Chawla,Rohit Sharma,Deepak Chahar,1,0,,,,,,,,,81,6,5.28,,28,,5,5,0,0,0,2,3,0,0,66.67,14,1,20,4.2,0,CSK,0,6,Suryakumar Yadav,Nitin Menon,Anil Chaudhary,KN Ananthapadmanabhan,Javagal Srinath
7001,2025,2025-05-18,T20,IPL 2025,League,Mumbai,Wankhede Stadium,MI,CSK,MI,bat,1,15,3,MI,CSK,Rohit Sharma,Piyush Chawla,Deepak Chahar,1,0,,,,,,,,,82,6,5.29,,27,,6,6,0,0,0,30,35,3,0,85.71,15,1,21,4.29,0,CSK,0,6,Suryakumar Yadav,Nitin Menon,Anil Chaudhary,KN Ananthapadmanabhan,Javagal Srinath
7001,2025,2025-05-18,T20,IPL 2025,League,Mumbai,Wankhede Stadium,MI,CSK,MI,bat,1,15,4,MI,CSK,Piyush Chawla,Rohit Sharma,Deepak Chahar,4,0,,,,,,,,,86,6,5.49,,26,,10,7,1,0,0,6,4,1,0,150.0,19,1,22,5.18,0,CSK,0,6,Suryakumar Yadav,Nitin Menon,Anil Chaudhary,KN Ananthapadmanabhan,Javagal Srinath
7001,2025,2025-05-18,T20,IPL 2025,League,Mumbai,Wankhede Stadium,MI,CSK,MI,bat,1,15,5,MI,CSK,Piyush Chawla,Rohit Sharma,Deepak Chahar,4,0,,,,,,caught and bowled,Piyush Chawla,Deepak Chahar,90,7,5.68,,25,,4,1,1,0,1,10,5,2,0,200.0,23,2,23,6.0,0,CSK,0,6,Suryakumar Yadav,Nitin Menon,Anil Chaudhary,KN Ananthapadmanabhan,Javagal Srinath
7001,2025,2025-05-18,T20,IPL 2025,League,Mumbai,Wankhede Stadium,MI,CSK,MI,bat,1,15,6,MI,CSK,Jasprit Bumrah,Rohit Sharma,Deepak Chahar,1,0,,,,,,,,,91,7,5.69,,24,,5,2,0,0,0,1,1,0,0,100.0,24,2,24,6.0,0,CSK,0,6,Suryakumar Yadav,Nitin Menon,Anil Chaudhary,KN Ananthapadmanabhan,Javagal Srinath
7001,2025,2025-05-18,T20,IPL 2025,League,Mumbai,Wankhede Stadium,MI,CSK,MI,bat,1,16,1,MI,CSK,Jasprit Bumrah,Rohit Sharma,Tushar Deshpande,1,0,,,,,,,,,92,7,5.69,,23,,6,3,0,0,0,2,2,0,0,100.0,22,0,19,6.95,0,CSK,0,6,Suryakumar Yadav,Nitin Menon,Anil Chaudhary,KN Ananthapadmanabhan,Javagal Srinath
7001,2025,2025-05-18,T20,IPL 2025,League,Mumbai,Wankhede Stadium,MI,CSK,MI,bat,1,16,2,MI,CSK,Rohit Sharma,Jasprit Bumrah,Tushar Deshpande,3,0,,,,,,,,,95,7,5.82,,22,,9,4,0,0,0,33,36,3,0,91.67,25,0,20,7.5,0,CSK,0,6,Suryakumar Yadav,Nitin Menon,Anil Chaudhary,KN Ananthapadmanabhan,Javagal Srinath
7001,2025,2025-05-18,T20,IPL 2025,League,Mumbai,Wankhede Stadium,MI,CSK,MI,bat,1,16,3,MI,CSK,Jasprit Bumrah,Rohit Sharma,Tushar Deshpande,0,0,,,,,,,,,95,7,5.76,,21,,9,5,0,1,0,2,3,0,0,66.67,25,0,21,7.14,0,CSK,0,6,Suryakumar Yadav,Nitin Menon,Anil Chaudhary,KN Ananthapadmanabhan,Javagal Srinath
7001,2025,2025-05-18,T20,IPL 2025,League,Mumbai,Wankhede Stadium,MI,CSK,MI,bat,1,16,4,MI,CSK,Jasprit Bumrah,Rohit Sharma,Tushar Deshpande,0,0,,,,,,caught,Jasprit Bumrah,Sameer Rizvi,95,8,5.7,,20,,0,1,0,1,1,2,4,0,0,50.0,25,1,22,6.82,0,CSK,0,6,Suryakumar Yadav,Nitin Menon,Anil Chaudhary,KN Ananthapadmanabhan,Javagal Srinath
7001,2025,2025-05-18,T20,IPL 2025,League,Mumbai,Wankhede Stadium,MI,CSK,MI,bat,1,16,5,MI,CSK,Gerald Coetzee,Rohit Sharma,Tushar Deshpande,4,0,,,,,,,,,99,8,5.88,,19,,4,2,1,0,0,4,1,1,0,400.0,29,1,23,7.57,0,CSK,0,6,Suryakumar Yadav,Nitin Menon,Anil Chaudhary,KN Ananthapadmanabhan,Javagal Srinath
7001,2025,2025-05-18,T20,IPL 2025,League,Mumbai,Wankhede Stadium,MI,CSK,MI,bat,1,16,6,MI,CSK,Gerald Coetzee,Rohit Sharma,Tushar Deshpande,1,0,,,,,,,,,100,8,5.88,,18,,5,3,0,0,0,5,2,1,0,250.0,30,1,24,7.5,0,CSK,0,6,Suryakumar Yadav,Nitin Menon,Anil Chaudhary,KN Ananthapadmanabhan,Javagal Srinath
7001,2025,2025-05-18,T20,IPL 2025,League,Mumbai,Wankhede Stadium,MI,CSK,MI,bat,1,17,1,MI,CSK,Gerald Coetzee,Rohit Sharma,Maheesh Theekshana,0,0,,,,,,,,,100,8,5.83,,17,,5,4,0,1,0,5,3,1,0,166.67,1,1,7,0.86,0,CSK,0,6,Suryakumar Yadav,Nitin Menon,Anil Chaudhary,KN Ananthapadmanabhan,Javagal Srinath
7001,2025,2025-05-18,T20,IPL 2025,League,Mumbai,Wankhede Stadium,MI,CSK,MI,bat,1,17,2,MI,CSK,Gerald Coetzee,Rohit Sharma,Maheesh Theekshana,1,0,,,,,,,,,101,8,5.83,,16,,6,5,0,0,0,6,4,1,0,150.0,2,1,8,1.5,0,CSK,0,6,Suryakumar Yadav,Nitin Menon,Anil Chaudhary,KN Ananthapadmanabhan,Javagal Srinath
7001,2025,2025-05-18,T20,IPL 2025,League,Mumbai,Wankhede Stadium,MI,CSK,MI,bat,1,17,3,MI,CSK,Rohit Sharma,Gerald Coetzee,Maheesh Theekshana,4,1,,1,,,,,,,106,8,6.12,,16,,11,5,1,0,0,37,36,4,0,102.78,7,1,8,5.25,0,CSK,0,6,Suryakumar Yadav,Nitin Menon,Anil Chaudhary,KN Ananthapadmanabhan,Javagal Srinath
7001,2025,2025-05-18,T20,IPL 2025,League,Mumbai,Wankhede Stadium,MI,CSK,MI,bat,1,17,3,MI,CSK,Rohit Sharma,Gerald Coetzee,Maheesh Theekshana,0,0,,,,,,,,,106,8,6.06,,15,,11,6,0,1,0,37,37,4,0,100.0,7,1,9,4.67,0,CSK,0,6,Suryakumar Yadav,Nitin Menon,Anil Chaudhary,KN Ananthapadmanabhan,Javagal Srinath
7001,2025,2025-05-18,T20,IPL 2025,League,Mumbai,Wankhede Stadium,MI,CSK,MI,bat,1,17,4,MI,CSK,Rohit Sharma,Gerald Coetzee,Maheesh Theekshana,4,0,,,,,,,,,110,8,6.23,,14,,15,7,1,0,0,41,38,5,0,107.89,11,1,10,6.6,0,CSK,0,6,Suryakumar Yadav,Nitin Menon,Anil Chaudhary,KN Ananthapadmanabhan,Javagal Srinath
7001,2025,2025-05-18,T20,IPL 2025,League,Mumbai,Wankhede Stadium,MI,CSK,MI,bat,1,17,5,MI,CSK,Rohit Sharma,Gerald Coetzee,Maheesh Theekshana,4,1,,1,,,,stumped,Rohit Sharma,Shivam Dube,115,9,6.51,,14,,5,0,1,0,1,45,38,6,0,118.42,16,2,10,9.6,0,CSK,0,6,Suryakumar Yadav,Nitin Menon,Anil Chaudhary,KN Ananthapadmanabhan,Javagal Srinath
7001,2025,2025-05-18,T20,IPL 2025,League,Mumbai,Wankhede Stadium,MI,CSK,MI,bat,1,17,5,MI,CSK,Akash Madhwal,Gerald Coetzee,Maheesh Theekshana,0,0,,,,,,,,,115,9,6.45,,13,,5,1,0,1,0,0,1,0,0,0.0,16,2,11,8.73,0,CSK,0,6,Suryakumar Yadav,Nitin Menon,Anil Chaudhary,KN Ananthapadmanabhan,Javagal Srinath
7001,2025,2025-05-18,T20,IPL 2025,League,Mumbai,Wankhede Stadium,MI,CSK,MI,bat,1,17,6,MI,CSK,Akash Madhwal,Gerald Coetzee,Maheesh Theekshana,0,0,,,,,,,,,115,9,6.39,,12,,5,2,0,1,0,0,2,0,0,0.0,16,2,12,8.0,0,CSK,0,6,Suryakumar Yadav,Nitin Menon,Anil Chaudhary,KN Ananthapadmanabhan,Javagal Srinath
7001,2025,2025-05-18,T20,IPL 2025,League,Mumbai,Wankhede Stadium,MI,CSK,MI,bat,1,18,1,MI,CSK,Gerald Coetzee,Akash Madhwal,Ravindra Jadeja,1,0,,,,,,,,,116,9,6.39,,11,,6,3,0,0,0,7,5,1,0,140.0,26,1,19,8.21,0,CSK,0,6,Suryakumar Yadav,Nitin Menon,Anil Chaudhary,KN Ananthapadmanabhan,Javagal Srinath
7001,2025,2025-05-18,T20,IPL 2025,League,Mumbai,Wankhede Stadium,MI,CSK,MI,bat,1,18,2,MI,CSK,Akash Madhwal,Gerald Coetzee,Ravindra Jadeja,1,0,,,,,,,,,117,9,6.38,,10,,7,4,0,0,0,1,3,0,0,33.33,27,1,20,8.1,0,CSK,0,6,Suryakumar Yadav,Nitin Menon,Anil Chaudhary,KN Ananthapadmanabhan,Javagal Srinath
7001,2025,2025-05-18,T20,IPL 2025,League,Mumbai,Wankhede Stadium,MI,CSK,MI,bat,1,18,3,MI,CSK,Gerald Coetzee,Akash Madhwal,Ravindra Jadeja,0,0,,,,,,,,,117,9,6.32,,9,,7,5,0,1,0,7,6,1,0,116.67,27,1,21,7.71,0,CSK,0,6,Suryakumar Yadav,Nitin Menon,Anil Chaudhary,KN Ananthapadmanabhan,Javagal Srinath
7001,2025,2025-05-18,T20,IPL 2025,League,Mumbai,Wankhede Stadium,MI,CSK,MI,bat,1,18,4,MI,CSK,Gerald Coetzee,Akash Madhwal,Ravindra Jadeja,1,0,,,,,,,,,118,9,6.32,,8,,8,6,0,0,0,8,7,1,0,114.29,28,1,22,7.64,0,CSK,0,6,Suryakumar Yadav,Nitin Menon,Anil Chaudhary,KN Ananthapadmanabhan,Javagal Srinath
7001,2025,2025-05-18,T20,IPL 2025,League,Mumbai,Wankhede Stadium,MI,CSK,MI,bat,1,18,5,MI,CSK,Akash Madhwal,Gerald Coetzee,Ravindra Jadeja,0,0,,,,,,,,,118,9,6.27,,7,,8,7,0,1,0,1,4,0,0,25.0,28,1,23,7.3,0,CSK,0,6,Suryakumar Yadav,Nitin Menon,Anil Chaudhary,KN Ananthapadmanabhan,Javagal Srinath
7001,2025,2025-05-18,T20,IPL 2025,League,Mumbai,Wankhede Stadium,MI,CSK,MI,bat,1,18,6,MI,CSK,Akash Madhwal,Gerald Coetzee,Ravindra Jadeja,1,0,,,,,,,,,119,9,6.26,,6,,9,8,0,0,0,2,5,0,0,40.0,29,1,24,7.25,0,CSK,0,6,Suryakumar Yadav,Nitin Menon,Anil Chaudhary,KN Ananthapadmanabhan,Javagal Srinath
7001,2025,2025-05-18,T20,IPL 2025,League,Mumbai,Wankhede Stadium,MI,CSK,MI,bat,1,19,1,MI,CSK,Akash Madhwal,Gerald Coetzee,Maheesh Theekshana,0,0,,,,,,,,,119,9,6.21,,5,,9,9,0,1,0,2,6,0,0,33.33,16,2,13,7.38,0,CSK,0,6,Suryakumar Yadav,Nitin Menon,Anil Chaudhary,KN Ananthapadmanabhan,Javagal Srinath
7001,2025,2025-05-18,T20,IPL 2025,League,Mumbai,Wankhede Stadium,MI,CSK,MI,bat,1,19,2,MI,CSK,Akash Madhwal,Gerald Coetzee,Maheesh Theekshana,1,0,,,,,,,,,120,9,6.21,,4,,10,10,0,0,0,3,7,0,0,42.86,17,2,14,7.29,0,CSK,0,6,Suryakumar Yadav,Nitin Menon,Anil Chaudhary,KN Ananthapadmanabhan,Javagal Srinath
7001,2025,2025-05-18,T20,IPL 2025,League,Mumbai,Wankhede Stadium,MI,CSK,MI,bat,1,19,3,MI,CSK,Gerald Coetzee,Akash Madhwal,Maheesh Theekshana,0,0,,,,,,,,,120,9,6.15,,3,,10,11,0,1,0,8,8,1,0,100.0,17,2,15,6.8,0,CSK,0,6,Suryakumar Yadav,Nitin Menon,Anil Chaudhary,KN Ananthapadmanabhan,Javagal Srinath
7001,2025,2025-05-18,T20,IPL 2025,League,Mumbai,Wankhede Stadium,MI,CSK,MI,bat,1,19,4,MI,CSK,Gerald Coetzee,Akash Madhwal,Maheesh Theekshana,2,0,,,,,,,,,122,9,6.2,,2,,12,12,0,0,0,10,9,1,0,111.11,19,2,16,7.12,0,CSK,0,6,Suryakumar Yadav,Nitin Menon,Anil Chaudhary,KN Ananthapadmanabhan,Javagal Srinath
7001,2025,2025-05-18,T20,IPL 2025,League,Mumbai,Wankhede Stadium,MI,CSK,MI,bat,1,19,5,MI,CSK,Gerald Coetzee,Akash Madhwal,Maheesh Theekshana,0,0,,,,,,,,,122,9,6.15,,1,,12,13,0,1,0,10,10,1,0,100.0,19,2,17,6.71,0,CSK,0,6,Suryakumar Yadav,Nitin Menon,Anil Chaudhary,KN Ananthapadmanabhan,Javagal Srinath
7001,2025,2025-05-18,T20,IPL 2025,League,Mumbai,Wankhede Stadium,MI,CSK,MI,bat,1,19,6,MI,CSK,Gerald Coetzee,Akash Madhwal,Maheesh Theekshana,0,1,1,,,,,,,,123,9,6.2,,1,,13,13,0,0,0,10,10,1,0,100.0,20,2,17,7.06,0,CSK,0,6,Suryakumar Yadav,Nitin Menon,Anil Chaudhary,KN Ananthapadmanabhan,Javagal Srinath
7001,2025,2025-05-18,T20,IPL 2025,League,Mumbai,Wankhede Stadium,MI,CSK,MI,bat,1,19,6,MI,CSK,Gerald Coetzee,Akash Madhwal,Maheesh Theekshana,1,0,,,,,,,,,124,9,6.2,,0,,14,14,0,0,0,11,11,1,0,100.0,21,2,18,7.0,0,CSK,0,6,Suryakumar Yadav,Nitin Menon,Anil Chaudhary,KN Ananthapadmanabhan,Javagal Srinath
7001,2025,2025-05-18,T20,IPL 2025,League,Mumbai,Wankhede Stadium,MI,CSK,MI,bat,2,0,1,CSK,MI,Ruturaj Gaikwad,Devon Conway,Tim David,1,0,,,,,,,,,1,0,6.0,6.25,119,125,1,1,0,0,0,1,1,0,0,100.0,1,0,1,6.0,1,CSK,0,6,Suryakumar Yadav,Nitin Menon,Anil Chaudhary,KN Ananthapadmanabhan,Javagal Srinath
7001,2025,2025-05-18,T20,IPL 2025,League,Mumbai,Wankhede Stadium,MI,CSK,MI,bat,2,0,2,CSK,MI,Devon Conway,Ruturaj Gaikwad,Tim David,0,0,,,,,,,,,1,0,3.0,6.31,118,125,1,2,0,1,0,0,1,0,0,0.0,1,0,2,3.0,1,CSK,0,6,Suryakumar Yadav,Nitin Menon,Anil Chaudhary,KN Ananthapadmanabhan,Javagal Srinath
7001,2025,2025-05-18,T20,IPL 2025,League,Mumbai,Wankhede Stadium,MI,CSK,MI,bat,2,0,3,CSK,MI,Devon Conway,Ruturaj Gaikwad,Tim David,4,0,,,,,,,,,5,0,10.0,6.15,117,125,5,3,1,0,0,4,2,1,0,200.0,5,0,3,10.0,1,CSK,0,6,Suryakumar Yadav,Nitin Menon,Anil Chaudhary,KN Ananthapadmanabhan,Javagal Srinath
7001,2025,2025-05-18,T20,IPL 2025,League,Mumbai,Wankhede Stadium,MI,CSK,MI,bat,2,0,4,CSK,MI,Devon Conway,Ruturaj Gaikwad,Tim David,0,0,,,,,,,,,5,0,7.5,6.21,116,125,5,4,0,1,0,4,3,1,0,133.33,5,0,4,7.5,1,CSK,0,6,Suryakumar Yadav,Nitin Menon,Anil Chaudhary,KN Ananthapadmanabhan,Javagal Srinath
7001,2025,2025-05-18,T20,IPL 2025,League,Mumbai,Wankhede Stadium,MI,CSK,MI,bat,2,0,5,CSK,MI,Devon Conway,Ruturaj Gaikwad,Tim David,0,0,,,,,,,,,5,0,6.0,6.26,115,125,5,5,0,1,0,4,4,1,0,100.0,5,0,5,6.0,1,CSK,0,6,Suryakumar Yadav,Nitin Menon,Anil Chaudhary,KN Ananthapadmanabhan,Javagal Srinath
7001,2025,2025-05-18,T20,IPL 2025,League,Mumbai,Wankhede Stadium,MI,CSK,MI,bat,2,0,6,CSK,MI,Devon Conway,Ruturaj Gaikwad,Tim David,0,0,,,,,,,,,5,0,5.0,6.32,114,125,5,6,0,1,0,4,5,1,0,80.0,5,0,6,5.0,1,CSK,0,6,Suryakumar Yadav,Nitin Menon,Anil Chaudhary,KN Ananthapadmanabhan,Javagal Srinath
7001,2025,2025-05-18,T20,IPL 2025,League,Mumbai,Wankhede Stadium,MI,CSK,MI,bat,2,1,1,CSK,MI,Ruturaj Gaikwad,Devon Conway,Hardik Pandya,6,0,,,,,,,,,11,0,9.43,6.05,113,125,11,7,1,0,0,7,2,0,1,350.0,6,0,1,36.0,1,CSK,0,6,Suryakumar Yadav,Nitin Menon,Anil Chaudhary,KN Ananthapadmanabhan,Javagal Srinath
7001,2025,2025-05-18,T20,IPL 2025,League,Mumbai,Wankhede Stadium,MI,CSK,MI,bat,2,1,2,CSK,MI,Ruturaj Gaikwad,Devon Conway,Hardik Pandya,4,0,,,,,,,,,15,0,11.25,5.89,112,125,15,8,1,0,0,11,3,1,1,366.67,10,0,2,30.0,1,CSK,0,6,Suryakumar Yadav,Nitin Menon,Anil Chaudhary,KN Ananthapadmanabhan,Javagal Srinath
7001,2025,2025-05-18,T20,IPL 2025,League,Mumbai,Wankhede Stadium,MI,CSK,MI,bat,2,1,3,CSK,MI,Ruturaj Gaikwad,Devon Conway,Hardik Pandya,0,0,,,,,,,,,15,0,10.0,5.95,111,125,15,9,0,1,0,11,4,1,1,275.0,10,0,3,20.0,1,CSK,0,6,Suryakumar Yadav,Nitin Menon,Anil Chaudhary,KN Ananthapadmanabhan,Javagal Srinath
7001,2025,2025-05-18,T20,IPL 2025,League,Mumbai,Wankhede Stadium,MI,CSK,MI,bat,2,1,4,CSK,MI,Ruturaj Gaikwad,Devon Conway,Hardik Pandya,4,0,,,,,,,,,19,0,11.4,5.78,110,125,19,10,1,0,0,15,5,2,1,300.0,14,0,4,21.0,1,CSK,0,6,Suryakumar Yadav,Nitin Menon,Anil Chaudhary,KN Ananthapadmanabhan,Javagal Srinath
7001,2025,2025-05-18,T20,IPL 2025,League,Mumbai,Wankhede Stadium,MI,CSK,MI,bat,2,1,5,CSK,MI,Ruturaj Gaikwad,Devon Conway,Hardik Pandya,0,0,,,,,,,,,19,0,10.36,5.83,109,125,19,11,0,1,0,15,6,2,1,250.0,14,0,5,16.8,1,CSK,0,6,Suryakumar Yadav,Nitin Menon,Anil Chaudhary,KN Ananthapadmanabhan,Javagal Srinath
7001,2025,2025-05-18,T20,IPL 2025,League,Mumbai,Wankhede Stadium,MI,CSK,MI,bat,2,1,6,CSK,MI,Ruturaj Gaikwad,Devon Conway,Hardik Pandya,1,0,,,,,,,,,20,0,10.0,5.83,108,125,20,12,0,0,0,16,7,2,1,228.57,15,0,6,15.0,1,CSK,0,6,Suryakumar Yadav,Nitin Menon,Anil Chaudhary,KN Ananthapadmanabhan,Javagal Srinath
7001,2025,2025-05-18,T20,IPL 2025,League,Mumbai,Wankhede Stadium,MI,CSK,MI,bat,2,2,1,CSK,MI,Ruturaj Gaikwad,Devon Conway,Gerald Coetzee,0,0,,,,,,,,,20,0,9.23,5.89,107,125,20,13,0,1,0,16,8,2,1,200.0,0,0,1,0.0,1,CSK,0,6,Suryakumar Yadav,Nitin Menon,Anil Chaudhary,KN Ananthapadmanabhan,Javagal Srinath
7001,2025,2025-05-18,T20,IPL 2025,League,Mumbai,Wankhede Stadium,MI,CSK,MI,bat,2,2,2,CSK,MI,Ruturaj Gaikwad,Devon Conway,Gerald Coetzee,0,0,,,,,,,,,20,0,8.57,5.94,106,125,20,14,0,1,0,16,9,2,1,177.78,0,0,2,0.0,1,CSK,0,6,Suryakumar Yadav,Nitin Menon,Anil Chaudhary,KN Ananthapadmanabhan,Javagal Srinath
7001,2025,2025-05-18,T20,IPL 2025,League,Mumbai,Wankhede Stadium,MI,CSK,MI,bat,2,2,3,CSK,MI,Ruturaj Gaikwad,Devon Conway,Gerald Coetzee,0,0,,,,,,,,,20,0,8.0,6.0,105,125,20,15,0,1,0,16,10,2,1,160.0,0,0,3,0.0,1,CSK,0,6,Suryakumar Yadav,Nitin Menon,Anil Chaudhary,KN Ananthapadmanabhan,Javagal Srinath
7001,2025,2025-05-18,T20,IPL 2025,League,Mumbai,Wankhede Stadium,MI,CSK,MI,bat,2,2,4,CSK,MI,Ruturaj Gaikwad,Devon Conway,Gerald Coetzee,0,0,,,,,,,,,20,0,7.5,6.06,104,125,20,16,0,1,0,16,11,2,1,145.45,0,0,4,0.0,1,CSK,0,6,Suryakumar Yadav,Nitin Menon,Anil Chaudhary,KN Ananthapadmanabhan,Javagal Srinath
7001,2025,2025-05-18,T20,IPL 2025,League,Mumbai,Wankhede Stadium,MI,CSK,MI,bat,2,2,5,CSK,MI,Ruturaj Gaikwad,Devon Conway,Gerald Coetzee,0,0,,,,,,,,,20,0,7.06,6.12,103,125,20,17,0,1,0,16,12,2,1,133.33,0,0,5,0.0,1,CSK,0,6,Suryakumar Yadav,Nitin Menon,Anil Chaudhary,KN Ananthapadmanabhan,Javagal Srinath
7001,2025,2025-05-18,T20,IPL 2025,League,Mumbai,Wankhede Stadium,MI,CSK,MI,bat,2,2,6,CSK,MI,Ruturaj Gaikwad,Devon Conway,Gerald Coetzee,4,0,,,,,,,,,24,0,8.0,5.94,102,125,24,18,1,0,0,20,13,3,1,153.85,4,0,6,4.0,1,CSK,0,6,Suryakumar Yadav,Nitin Menon,Anil Chaudhary,KN Ananthapadmanabhan,Javagal Srinath
7001,2025,2025-05-18,T20,IPL 2025,League,Mumbai,Wankhede Stadium,MI,CSK,MI,bat,2,3,1,CSK,MI,Devon Conway,Ruturaj Gaikwad,Jasprit Bumrah,1,0,,,,,,,,,25,0,7.89,5.94,101,125,25,19,0,0,0,5,6,1,0,83.33,1,0,1,6.0,1,CSK,0,6,Suryakumar Yadav,Nitin Menon,Anil Chaudhary,KN Ananthapadmanabhan,Javagal Srinath
7001,2025,2025-05-18,T20,IPL 2025,League,Mumbai,Wankhede Stadium,MI,CSK,MI,bat,2,3,2,CSK,MI,Ruturaj Gaikwad,Devon Conway,Jasprit Bumrah,0,1,1,,,,,,,,26,0,8.21,5.88,101,125,26,19,0,0,0,20,13,3,1,153.85,2,0,1,12.0,1,CSK,0,6,Suryakumar Yadav,Nitin Menon,Anil Chaudhary,KN Ananthapadmanabhan,Javagal Srinath
7001,2025,2025-05-18,T20,IPL 2025,League,Mumbai,Wankhede Stadium,MI,CSK,MI,bat,2,3,2,CSK,MI,Ruturaj Gaikwad,Devon Conway,Jasprit Bumrah,4,0,,,,,,,,,30,0,9.0,5.7,100,125,30,20,1,0,0,24,14,4,1,171.43,6,0,2,18.0,1,CSK,0,6,Suryakumar Yadav,Nitin Menon,Anil Chaudhary,KN Ananthapadmanabhan,Javagal Srinath
7001,2025,2025-05-18,T20,IPL 2025,League,Mumbai,Wankhede Stadium,MI,CSK,MI,bat,2,3,3,CSK,MI,Ruturaj Gaikwad,Devon Conway,Jasprit Bumrah,1,0,,,,,,,,,31,0,8.86,5.7,99,125,31,21,0,0,0,25,15,4,1,166.67,7,0,3,14.0,1,CSK,0,6,Suryakumar Yadav,Nitin Menon,Anil Chaudhary,KN Ananthapadmanabhan,Javagal Srinath
7001,2025,2025-05-18,T20,IPL 2025,League,Mumbai,Wankhede Stadium,MI,CSK,MI,bat,2,3,4,CSK,MI,Devon Conway,Ruturaj Gaikwad,Jasprit Bumrah,0,0,,,,,,,,,31,0,8.45,5.76,98,125,31,22,0,1,0,5,7,1,0,71.43,7,0,4,10.5,1,CSK,0,6,Suryakumar Yadav,Nitin Menon,Anil Chaudhary,KN Ananthapadmanabhan,Javagal Srinath
7001,2025,2025-05-18,T20,IPL 2025,League,Mumbai,Wankhede Stadium,MI,CSK,MI,bat,2,3,5,CSK,MI,Devon Conway,Ruturaj Gaikwad,Jasprit Bumrah,0,0,,,,,,,,,31,0,8.09,5.81,97,125,31,23,0,1,0,5,8,1,0,62.5,7,0,5,8.4,1,CSK,0,6,Suryakumar Yadav,Nitin Menon,Anil Chaudhary,KN Ananthapadmanabhan,Javagal Srinath
7001,2025,2025-05-18,T20,IPL 2025,League,Mumbai,Wankhede Stadium,MI,CSK,MI,bat,2,3,6,CSK,MI,Devon Conway,Ruturaj Gaikwad,Jasprit Bumrah,1,0,,,,,,,,,32,0,8.0,5.81,96,125,32,24,0,0,0,6,9,1,0,66.67,8,0,6,8.0,1,CSK,0,6,Suryakumar Yadav,Nitin Menon,Anil Chaudhary,KN Ananthapadmanabhan,Javagal Srinath
7001,2025,2025-05-18,T20,IPL 2025,League,Mumbai,Wankhede Stadium,MI,CSK,MI,bat,2,4,1,CSK,MI,Devon Conway,Ruturaj Gaikwad,Akash Madhwal,0,0,,,,,,,,,32,0,7.68,5.87,95,125,32,25,0,1,0,6,10,1,0,60.0,0,0,1,0.0,1,CSK,0,6,Suryakumar Yadav,Nitin Menon,Anil Chaudhary,KN Ananthapadmanabhan,Javagal Srinath
7001,2025,2025-05-18,T20,IPL 2025,League,Mumbai,Wankhede Stadium,MI,CSK,MI,bat,2,4,2,CSK,MI,Devon Conway,Ruturaj Gaikwad,Akash Madhwal,1,0,,,,,,,,,33,0,7.62,5.87,94,125,33,26,0,0,0,7,11,1,0,63.64,1,0,2,3.0,1,CSK,0,6,Suryakumar Yadav,Nitin Menon,Anil Chaudhary,KN Ananthapadmanabhan,Javagal Srinath
7001,2025,2025-05-18,T20,IPL 2025,League,Mumbai,Wankhede Stadium,MI,CSK,MI,bat,2,4,3,CSK,MI,Ruturaj Gaikwad,Devon Conway,Akash Madhwal,4,0,,,,,,,,,37,0,8.22,5.68,93,125,37,27,1,0,0,29,16,5,1,181.25,5,0,3,10.0,1,CSK,0,6,Suryakumar Yadav,Nitin Menon,Anil Chaudhary,KN Ananthapadmanabhan,Javagal Srinath
7001,2025,2025-05-18,T20,IPL 2025,League,Mumbai,Wankhede Stadium,MI,CSK,MI,bat,2,4,4,CSK,MI,Ruturaj Gaikwad,Devon Conway,Akash Madhwal,0,0,,,,,,,,,37,0,7.93,5.74,92,125,37,28,0,1,0,29,17,5,1,170.59,5,0,4,7.5,1,CSK,0,6,Suryakumar Yadav,Nitin Menon,Anil Chaudhary,KN Ananthapadmanabhan,Javagal Srinath
7001,2025,2025-05-18,T20,IPL 2025,League,Mumbai,Wankhede Stadium,MI,CSK,MI,bat,2,4,5,CSK,MI,Ruturaj Gaikwad,Devon Conway,Akash Madhwal,4,0,,,,,,,,,41,0,8.48,5.54,91,125,41,29,1,0,0,33,18,6,1,183.33,9,0,5,10.8,1,CSK,0,6,Suryakumar Yadav,Nitin Menon,Anil Chaudhary,KN Ananthapadmanabhan,Javagal Srinath
7001,2025,2025-05-18,T20,IPL 2025,League,Mumbai,Wankhede Stadium,MI,CSK,MI,bat,2,4,6,CSK,MI,Ruturaj Gaikwad,Devon Conway,Akash Madhwal,0,0,,,,,,,,,41,0,8.2,5.6,90,125,41,30,0,1,0,33,19,6,1,173.68,9,0,6,9.0,1,CSK,0,6,Suryakumar Yadav,Nitin Menon,Anil Chaudhary,KN Ananthapadmanabhan,Javagal Srinath
7001,2025,2025-05-18,T20,IPL 2025,League,Mumbai,Wankhede Stadium,MI,CSK,MI,bat,2,5,1,CSK,MI,Devon Conway,Ruturaj Gaikwad,Piyush Chawla,0,1,1,,,,,,,,42,0,8.4,5.53,90,125,42,30,0,0,0,7,11,1,0,63.64,1,0,0,0,1,CSK,0,6,Suryakumar Yadav,Nitin Menon,Anil Chaudhary,KN Ananthapadmanabhan,Javagal Srinath
7001,2025,2025-05-18,T20,IPL 2025,League,Mumbai,Wankhede Stadium,MI,CSK,MI,bat,2,5,1,CSK,MI,Devon Conway,Ruturaj Gaikwad,Piyush Chawla,1,0,,,,,,,,,43,0,8.32,5.53,89,125,43,31,0,0,0,8,12,1,0,66.67,2,0,1,12.0,1,CSK,0,6,Suryakumar Yadav,Nitin Menon,Anil Chaudhary,KN Ananthapadmanabhan,Javagal Srinath
7001,2025,2025-05-18,T20,IPL 2025,League,Mumbai,Wankhede Stadium,MI,CSK,MI,bat,2,5,2,CSK,MI,Ruturaj Gaikwad,Devon Conway,Piyush Chawla,1,0,,,,,,,,,44,0,8.25,5.52,88,125,44,32,0,0,0,34,20,6,1,170.0,3,0,2,9.0,1,CSK,0,6,Suryakumar Yadav,Nitin Menon,Anil Chaudhary,KN Ananthapadmanabhan,Javagal Srinath
7001,2025,2025-05-18,T20,IPL 2025,League,Mumbai,Wankhede Stadium,MI,CSK,MI,bat,2,5,3,CSK,MI,Devon Conway,Ruturaj Gaikwad,Piyush Chawla,0,0,,,,,,,,,44,0,8.0,5.59,87,125,44,33,0,1,0,8,13,1,0,61.54,3,0,3,6.0,1,CSK,0,6,Suryakumar Yadav,Nitin Menon,Anil Chaudhary,KN Ananthapadmanabhan,Javagal Srinath
7001,2025,2025-05-18,T20,IPL 2025,League,Mumbai,Wankhede Stadium,MI,CSK,MI,bat,2,5,4,CSK,MI,Devon Conway,Ruturaj Gaikwad,Piyush Chawla,1,0,,,,,,,,,45,0,7.94,5.58,86,125,45,34,0,0,0,9,14,1,0,64.29,4,0,4,6.0,1,CSK,0,6,Suryakumar Yadav,Nitin Menon,Anil Chaudhary,KN Ananthapadmanabhan,Javagal Srinath
7001,2025,2025-05-18,T20,IPL 2025,League,Mumbai,Wankhede Stadium,MI,CSK,MI,bat,2,5,5,CSK,MI,Ruturaj Gaikwad,Devon Conway,Piyush Chawla,1,0,,,,,,,,,46,0,7.89,5.58,85,125,46,35,0,0,0,35,21,6,1,166.67,5,0,5,6.0,1,CSK,0,6,Suryakumar Yadav,Nitin Menon,Anil Chaudhary,KN Ananthapadmanabhan,Javagal Srinath
7001,2025,2025-05-18,T20,IPL 2025,League,Mumbai,Wankhede Stadium,MI,CSK,MI,bat,2,5,6,CSK,MI,Devon Conway,Ruturaj Gaikwad,Piyush Chawla,1,0,,,,,,,,,47,0,7.83,5.57,84,125,47,36,0,0,0,10,15,1,0,66.67,6,0,6,6.0,1,CSK,0,6,Suryakumar Yadav,Nitin Menon,Anil Chaudhary,KN Ananthapadmanabhan,Javagal Srinath
7001,2025,2025-05-18,T20,IPL 2025,League,Mumbai,Wankhede Stadium,MI,CSK,MI,bat,2,6,1,CSK,MI,Devon Conway,Ruturaj Gaikwad,Jasprit Bumrah,0,0,,,,,,,,,47,0,7.62,5.64,83,125,47,37,0,1,0,10,16,1,0,62.5,8,0,7,6.86,0,CSK,0,6,Suryakumar Yadav,Nitin Menon,Anil Chaudhary,KN Ananthapadmanabhan,Javagal Srinath
7001,2025,2025-05-18,T20,IPL 2025,League,Mumbai,Wankhede Stadium,MI,CSK,MI,bat,2,6,2,CSK,MI,Devon Conway,Ruturaj Gaikwad,Jasprit Bumrah,4,0,,,,,,,,,51,0,8.05,5.41,82,125,51,38,1,0,0,14,17,2,0,82.35,12,0,8,9.0,0,CSK,0,6,Suryakumar Yadav,Nitin Menon,Anil Chaudhary,KN Ananthapadmanabhan,Javagal Srinath
7001,2025,2025-05-18,T20,IPL 2025,League,Mumbai,Wankhede Stadium,MI,CSK,MI,bat,2,6,3,CSK,MI,Devon Conway,Ruturaj Gaikwad,Jasprit Bumrah,0,0,,,,,,,,,51,0,7.85,5.48,81,125,51,39,0,1,0,14,18,2,0,77.78,12,0,9,8.0,0,CSK,0,6,Suryakumar Yadav,Nitin Menon,Anil Chaudhary,KN Ananthapadmanabhan,Javagal Srinath
7001,2025,2025-05-18,T20,IPL 2025,League,Mumbai,Wankhede Stadium,MI,CSK,MI,bat,2,6,4,CSK,MI,Devon Conway,Ruturaj Gaikwad,Jasprit Bumrah,1,0,,,,,,,,,52,0,7.8,5.47,80,125,52,40,0,0,0,15,19,2,0,78.95,13,0,10,7.8,0,CSK,0,6,Suryakumar Yadav,Nitin Menon,Anil Chaudhary,KN Ananthapadmanabhan,Javagal Srinath
7001,2025,2025-05-18,T20,IPL 2025,League,Mumbai,Wankhede Stadium,MI,CSK,MI,bat,2,6,5,CSK,MI,Ruturaj Gaikwad,Devon Conway,Jasprit Bumrah,1,0,,,,,,,,,53,0,7.76,5.47,79,125,53,41,0,0,0,36,22,6,1,163.64,14,0,11,7.64,0,CSK,0,6,Suryakumar Yadav,Nitin Menon,Anil Chaudhary,KN Ananthapadmanabhan,Javagal Srinath
7001,2025,2025-05-18,T20,IPL 2025,League,Mumbai,Wankhede Stadium,MI,CSK,MI,bat,2,6,6,CSK,MI,Devon Conway,Ruturaj Gaikwad,Jasprit Bumrah,2,0,,,,,,,,,55,0,7.86,5.38,78,125,55,42,0,0,0,17,20,2,0,85.0,16,0,12,8.0,0,CSK,0,6,Suryakumar Yadav,Nitin Menon,Anil Chaudhary,KN Ananthapadmanabhan,Javagal Srinath
7001,2025,2025-05-18,T20,IPL 2025,League,Mumbai,Wankhede Stadium,MI,CSK,MI,bat,2,7,1,CSK,MI,Ruturaj Gaikwad,Devon Conway,Tim David,0,0,,,,,,,,,55,0,7.67,5.45,77,125,55,43,0,1,0,36,23,6,1,156.52,5,0,7,4.29,0,CSK,0,6,Suryakumar Yadav,Nitin Menon,Anil Chaudhary,KN Ananthapadmanabhan,Javagal Srinath
7001,2025,2025-05-18,T20,IPL 2025,League,Mumbai,Wankhede Stadium,MI,CSK,MI,bat,2,7,2,CSK,MI,Ruturaj Gaikwad,Devon Conway,Tim David,0,0,,,,,,,,,55,0,7.5,5.53,76,125,55,44,0,1,0,36,24,6,1,150.0,5,0,8,3.75,0,CSK,0,6,Suryakumar Yadav,Nitin Menon,Anil Chaudhary,KN Ananthapadmanabhan,Javagal Srinath
7001,2025,2025-05-18,T20,IPL 2025,League,Mumbai,Wankhede Stadium,MI,CSK,MI,bat,2,7,3,CSK,MI,Ruturaj Gaikwad,Devon Conway,Tim David,2,0,,,,,,,,,57,0,7.6,5.44,75,125,57,45,0,0,0,38,25,6,1,152.0,7,0,9,4.67,0,CSK,0,6,Suryakumar Yadav,Nitin Menon,Anil Chaudhary,KN Ananthapadmanabhan,Javagal Srinath
7001,2025,2025-05-18,T20,IPL 2025,League,Mumbai,Wankhede Stadium,MI,CSK,MI,bat,2,7,4,CSK,MI,Ruturaj Gaikwad,Devon Conway,Tim David,1,0,,,,,,,,,58,0,7.57,5.43,74,125,58,46,0,0,0,39,26,6,1,150.0,8,0,10,4.8,0,CSK,0,6,Suryakumar Yadav,Nitin Menon,Anil Chaudhary,KN Ananthapadmanabhan,Javagal Srinath
7001,2025,2025-05-18,T20,IPL 2025,League,Mumbai,Wankhede Stadium,MI,CSK,MI,bat,2,7,5,CSK,MI,Devon Conway,Ruturaj Gaikwad,Tim David,0,0,,,,,,,,,58,0,7.4,5.51,73,125,58,47,0,1,0,17,21,2,0,80.95,8,0,11,4.36,0,CSK,0,6,Suryakumar Yadav,Nitin Menon,Anil Chaudhary,KN Ananthapadmanabhan,Javagal Srinath
7001,2025,2025-05-18,T20,IPL 2025,League,Mumbai,Wankhede Stadium,MI,CSK,MI,bat,2,7,6,CSK,MI,Devon Conway,Ruturaj Gaikwad,Tim David,0,0,,,,,,,,,58,0,7.25,5.58,72,125,58,48,0,1,0,17,22,2,0,77.27,8,0,12,4.0,0,CSK,0,6,Suryakumar Yadav,Nitin Menon,Anil Chaudhary,KN Ananthapadmanabhan,Javagal Srinath
7001,2025,2025-05-18,T20,IPL 2025,League,Mumbai,Wankhede Stadium,MI,CSK,MI,bat,2,8,1,CSK,MI,Ruturaj Gaikwad,Devon Conway,Piyush Chawla,0,0,,,,,,,,,58,0,7.1,5.66,71,125,58,49,0,1,0,39,27,6,1,144.44,6,0,7,5.14,0,CSK,0,6,Suryakumar Yadav,Nitin Menon,Anil Chaudhary,KN Ananthapadmanabhan,Javagal Srinath
7001,2025,2025-05-18,T20,IPL 2025,League,Mumbai,Wankhede Stadium,MI,CSK,MI,bat,2,8,2,CSK,MI,Ruturaj Gaikwad,Devon Conway,Piyush Chawla,0,0,,,,,,,,,58,0,6.96,5.74,70,125,58,50,0,1,0,39,28,6,1,139.29,6,0,8,4.5,0,CSK,0,6,Suryakumar Yadav,Nitin Menon,Anil Chaudhary,KN Ananthapadmanabhan,Javagal Srinath
7001,2025,2025-05-18,T20,IPL 2025,League,Mumbai,Wankhede Stadium,MI,CSK,MI,bat,2,8,3,CSK,MI,Ruturaj Gaikwad,Devon Conway,Piyush Chawla,0,0,,,,,,,,,58,0,6.82,5.83,69,125,58,51,0,1,0,39,29,6,1,134.48,6,0,9,4.0,0,CSK,0,6,Suryakumar Yadav,Nitin Menon,Anil Chaudhary,KN Ananthapadmanabhan,Javagal Srinath
7001,2025,2025-05-18,T20,IPL 2025,League,Mumbai,Wankhede Stadium,MI,CSK,MI,bat,2,8,4,CSK,MI,Ruturaj Gaikwad,Devon Conway,Piyush Chawla,1,0,,,,,,,,,59,0,6.81,5.82,68,125,59,52,0,0,0,40,30,6,1,133.33,7,0,10,4.2,0,CSK,0,6,Suryakumar Yadav,Nitin Menon,Anil Chaudhary,KN Ananthapadmanabhan,Javagal Srinath
7001,2025,2025-05-18,T20,IPL 2025,League,Mumbai,Wankhede Stadium,MI,CSK,MI,bat,2,8,5,CSK,MI,Devon Conway,Ruturaj Gaikwad,Piyush Chawla,0,0,,,,,,,,,59,0,6.68,5.91,67,125,59,53,0,1,0,17,23,2,0,73.91,7,0,11,3.82,0,CSK,0,6,Suryakumar Yadav,Nitin Menon,Anil Chaudhary,KN Ananthapadmanabhan,Javagal Srinath
7001,2025,2025-05-18,T20,IPL 2025,League,Mumbai,Wankhede Stadium,MI,CSK,MI,bat,2,8,6,CSK,MI,Devon Conway,Ruturaj Gaikwad,Piyush Chawla,0,0,,,,,,,,,59,0,6.56,6.0,66,125,59,54,0,1,0,17,24,2,0,70.83,7,0,12,3.5,0,CSK,0,6,Suryakumar Yadav,Nitin Menon,Anil Chaudhary,KN Ananthapadmanabhan,Javagal Srinath
7001,2025,2025-05-18,T20,IPL 2025,League,Mumbai,Wankhede Stadium,MI,CSK,MI,bat,2,9,1,CSK,MI,Ruturaj Gaikwad,Devon Conway,Akash Madhwal,1,0,,,,,,,,,60,0,6.55,6.0,65,125,60,55,0,0,0,41,31,6,1,132.26,10,0,7,8.57,0,CSK,0,6,Suryakumar Yadav,Nitin Menon,Anil Chaudhary,KN Ananthapadmanabhan,Javagal Srinath
7001,2025,2025-05-18,T20,IPL 2025,League,Mumbai,Wankhede Stadium,MI,CSK,MI,bat,2,9,2,CSK,MI,Devon Conway,Ruturaj Gaikwad,Akash Madhwal,0,1,1,,,,,,,,61,0,6.65,5.91,65,125,61,55,0,0,0,17,24,2,0,70.83,11,0,7,9.43,0,CSK,0,6,Suryakumar Yadav,Nitin Menon,Anil Chaudhary,KN Ananthapadmanabhan,Javagal Srinath
7001,2025,2025-05-18,T20,IPL 2025,League,Mumbai,Wankhede Stadium,MI,CSK,MI,bat,2,9,2,CSK,MI,Devon Conway,Ruturaj Gaikwad,Akash Madhwal,0,0,,,,,,,,,61,0,6.54,6.0,64,125,61,56,0,1,0,17,25,2,0,68.0,11,0,8,8.25,0,CSK,0,6,Suryakumar Yadav,Nitin Menon,Anil Chaudhary,KN Ananthapadmanabhan,Javagal Srinath
7001,2025,2025-05-18,T20,IPL 2025,League,Mumbai,Wankhede Stadium,MI,CSK,MI,bat,2,9,3,CSK,MI,Devon Conway,Ruturaj Gaikwad,Akash Madhwal,1,0,,,,,,,,,62,0,6.53,6.0,63,125,62,57,0,0,0,18,26,2,0,69.23,12,0,9,8.0,0,CSK,0,6,Suryakumar Yadav,Nitin Menon,Anil Chaudhary,KN Ananthapadmanabhan,Javagal Srinath
7001,2025,2025-05-18,T20,IPL 2025,League,Mumbai,Wankhede Stadium,MI,CSK,MI,bat,2,9,4,CSK,MI,Ruturaj Gaikwad,Devon Conway,Akash Madhwal,0,0,,,,,,,,,62,0,6.41,6.1,62,125,62,58,0,1,0,41,32,6,1,128.12,12,0,10,7.2,0,CSK,0,6,Suryakumar Yadav,Nitin Menon,Anil Chaudhary,KN Ananthapadmanabhan,Javagal Srinath
7001,2025,2025-05-18,T20,IPL 2025,League,Mumbai,Wankhede Stadium,MI,CSK,MI,bat,2,9,5,CSK,MI,Ruturaj Gaikwad,Devon Conway,Akash Madhwal,0,0,,,,,,,,,62,0,6.31,6.2,61,125,62,59,0,1,0,41,33,6,1,124.24,12,0,11,6.55,0,CSK,0,6,Suryakumar Yadav,Nitin Menon,Anil Chaudhary,KN Ananthapadmanabhan,Javagal Srinath
7001,2025,2025-05-18,T20,IPL 2025,League,Mumbai,Wankhede Stadium,MI,CSK,MI,bat,2,9,6,CSK,MI,Ruturaj Gaikwad,Devon Conway,Akash Madhwal,0,0,,,,,,,,,62,0,6.2,6.3,60,125,62,60,0,1,0,41,34,6,1,120.59,12,0,12,6.0,0,CSK,0,6,Suryakumar Yadav,Nitin Menon,Anil Chaudhary,KN Ananthapadmanabhan,Javagal Srinath
7001,2025,2025-05-18,T20,IPL 2025,League,Mumbai,Wankhede Stadium,MI,CSK,MI,bat,2,10,1,CSK,MI,Devon Conway,Ruturaj Gaikwad,Tim David,1,0,,,,,,,,,63,0,6.2,6.31,59,125,63,61,0,0,0,19,27,2,0,70.37,9,0,13,4.15,0,CSK,0,6,Suryakumar Yadav,Nitin Menon,Anil Chaudhary,KN Ananthapadmanabhan,Javagal Srinath
7001,2025,2025-05-18,T20,IPL 2025,League,Mumbai,Wankhede Stadium,MI,CSK,MI,bat,2,10,2,CSK,MI,Ruturaj Gaikwad,Devon Conway,Tim David,0,0,,,,,,,,,63,0,6.1,6.41,58,125,63,62,0,1,0,41,35,6,1,117.14,9,0,14,3.86,0,CSK,0,6,Suryakumar Yadav,Nitin Menon,Anil Chaudhary,KN Ananthapadmanabhan,Javagal Srinath
7001,2025,2025-05-18,T20,IPL 2025,League,Mumbai,Wankhede Stadium,MI,CSK,MI,bat,2,10,3,CSK,MI,Ruturaj Gaikwad,Devon Conway,Tim David,0,0,,,,,,,,,63,0,6.0,6.53,57,125,63,63,0,1,0,41,36,6,1,113.89,9,0,15,3.6,0,CSK,0,6,Suryakumar Yadav,Nitin Menon,Anil Chaudhary,KN Ananthapadmanabhan,Javagal Srinath
7001,2025,2025-05-18,T20,IPL 2025,League,Mumbai,Wankhede Stadium,MI,CSK,MI,bat,2,10,4,CSK,MI,Ruturaj Gaikwad,Devon Conway,Tim David,0,0,,,,,,,,,63,0,5.91,6.64,56,125,63,64,0,1,0,41,37,6,1,110.81,9,0,16,3.38,0,CSK,0,6,Suryakumar Yadav,Nitin Menon,Anil Chaudhary,KN Ananthapadmanabhan,Javagal Srinath
7001,2025,2025-05-18,T20,IPL 2025,League,Mumbai,Wankhede Stadium,MI,CSK,MI,bat,2,10,5,CSK,MI,Ruturaj Gaikwad,Devon Conway,Tim David,6,0,,,,,,,,,69,0,6.37,6.11,55,125,69,65,1,0,0,47,38,6,2,123.68,15,0,17,5.29,0,CSK,0,6,Suryakumar Yadav,Nitin Menon,Anil Chaudhary,KN Ananthapadmanabhan,Javagal Srinath
7001,2025,2025-05-18,T20,IPL 2025,League,Mumbai,Wankhede Stadium,MI,CSK,MI,bat,2,10,6,CSK,MI,Ruturaj Gaikwad,Devon Conway,Tim David,0,0,,,,,,,,,69,0,6.27,6.22,54,125,69,66,0,1,0,47,39,6,2,120.51,15,0,18,5.0,0,CSK,0,6,Suryakumar Yadav,Nitin Menon,Anil Chaudhary,KN Ananthapadmanabhan,Javagal Srinath
7001,2025,2025-05-18,T20,IPL 2025,League,Mumbai,Wankhede Stadium,MI,CSK,MI,bat,2,11,1,CSK,MI,Devon Conway,Ruturaj Gaikwad,Gerald Coetzee,0,0,,,,,,,,,69,0,6.18,6.34,53,125,69,67,0,1,0,19,28,2,0,67.86,4,0,7,3.43,0,CSK,0,6,Suryakumar Yadav,Nitin Menon,Anil Chaudhary,KN Ananthapadmanabhan,Javagal Srinath
7001,2025,2025-05-18,T20,IPL 2025,League,Mumbai,Wankhede Stadium,MI,CSK,MI,bat,2,11,2,CSK,MI,Devon Conway,Ruturaj Gaikwad,Gerald Coetzee,0,0,,,,,,,,,69,0,6.09,6.46,52,125,69,68,0,1,0,19,29,2,0,65.52,4,0,8,3.0,0,CSK,0,6,Suryakumar Yadav,Nitin Menon,Anil Chaudhary,KN Ananthapadmanabhan,Javagal Srinath
7001,2025,2025-05-18,T20,IPL 2025,League,Mumbai,Wankhede Stadium,MI,CSK,MI,bat,2,11,3,CSK,MI,Devon Conway,Ruturaj Gaikwad,Gerald Coetzee,4,0,,,,,,,,,73,0,6.35,6.12,51,125,73,69,1,0,0,23,30,3,0,76.67,8,0,9,5.33,0,CSK,0,6,Suryakumar Yadav,Nitin Menon,Anil Chaudhary,KN Ananthapadmanabhan,Javagal Srinath
7001,2025,2025-05-18,T20,IPL 2025,League,Mumbai,Wankhede Stadium,MI,CSK,MI,bat,2,11,4,CSK,MI,Devon Conway,Ruturaj Gaikwad,Gerald Coetzee,0,0,,,,,,lbw,Devon Conway,,73,1,6.26,6.24,50,125,0,1,0,1,1,23,31,3,0,74.19,8,1,10,4.8,0,CSK,0,6,Suryakumar Yadav,Nitin Menon,Anil Chaudhary,KN Ananthapadmanabhan,Javagal Srinath
7001,2025,2025-05-18,T20,IPL 2025,League,Mumbai,Wankhede Stadium,MI,CSK,MI,bat,2,11,5,CSK,MI,Ajinkya Rahane,Ruturaj Gaikwad,Gerald Coetzee,0,0,,,,,,,,,73,1,6.17,6.37,49,125,0,2,0,1,0,0,1,0,0,0.0,8,1,11,4.36,0,CSK,0,6,Suryakumar Yadav,Nitin Menon,Anil Chaudhary,KN Ananthapadmanabhan,Javagal Srinath
7001,2025,2025-05-18,T20,IPL 2025,League,Mumbai,Wankhede Stadium,MI,CSK,MI,bat,2,11,6,CSK,MI,Ajinkya Rahane,Ruturaj Gaikwad,Gerald Coetzee,4,0,,,,,,,,,77,1,6.42,6.0,48,125,4,3,1,0,0,4,2,1,0,200.0,12,1,12,6.0,0,CSK,0,6,Suryakumar Yadav,Nitin Menon,Anil Chaudhary,KN Ananthapadmanabhan,Javagal Srinath
7001,2025,2025-05-18,T20,IPL 2025,League,Mumbai,Wankhede Stadium,MI,CSK,MI,bat,2,12,1,CSK,MI,Ruturaj Gaikwad,Ajinkya Rahane,Jasprit Bumrah,0,0,,,,,,,,,77,1,6.33,6.13,47,125,4,4,0,1,0,47,40,6,2,117.5,16,0,13,7.38,0,CSK,0,6,Suryakumar Yadav,Nitin Menon,Anil Chaudhary,KN Ananthapadmanabhan,Javagal Srinath
7001,2025,2025-05-18,T20,IPL 2025,League,Mumbai,Wankhede Stadium,MI,CSK,MI,bat,2,12,2,CSK,MI,Ruturaj Gaikwad,Ajinkya Rahane,Jasprit Bumrah,0,0,,,,,,,,,77,1,6.24,6.26,46,125,4,5,0,1,0,47,41,6,2,114.63,16,0,14,6.86,0,CSK,0,6,Suryakumar Yadav,Nitin Menon,Anil Chaudhary,KN Ananthapadmanabhan,Javagal Srinath
7001,2025,2025-05-18,T20,IPL 2025,League,Mumbai,Wankhede Stadium,MI,CSK,MI,bat,2,12,3,CSK,MI,Ruturaj Gaikwad,Ajinkya Rahane,Jasprit Bumrah,6,0,,,,,,,,,83,1,6.64,5.6,45,125,10,6,1,0,0,53,42,6,3,126.19,22,0,15,8.8,0,CSK,0,6,Suryakumar Yadav,Nitin Menon,Anil Chaudhary,KN Ananthapadmanabhan,Javagal Srinath
7001,2025,2025-05-18,T20,IPL 2025,League,Mumbai,Wankhede Stadium,MI,CSK,MI,bat,2,12,4,CSK,MI,Ruturaj Gaikwad,Ajinkya Rahane,Jasprit Bumrah,1,0,,,,,,,,,84,1,6.63,5.59,44,125,11,7,0,0,0,54,43,6,3,125.58,23,0,16,8.62,0,CSK,0,6,Suryakumar Yadav,Nitin Menon,Anil Chaudhary,KN Ananthapadmanabhan,Javagal Srinath
7001,2025,2025-05-18,T20,IPL 2025,League,Mumbai,Wankhede Stadium,MI,CSK,MI,bat,2,12,5,CSK,MI,Ajinkya Rahane,Ruturaj Gaikwad,Jasprit Bumrah,0,0,,,,,,,,,84,1,6.55,5.72,43,125,11,8,0,1,0,4,3,1,0,133.33,23,0,17,8.12,0,CSK,0,6,Suryakumar Yadav,Nitin Menon,Anil Chaudhary,KN Ananthapadmanabhan,Javagal Srinath
7001,2025,2025-05-18,T20,IPL 2025,League,Mumbai,Wankhede Stadium,MI,CSK,MI,bat,2,12,6,CSK,MI,Ajinkya Rahane,Ruturaj Gaikwad,Jasprit Bumrah,4,0,,,,,,,,,88,1,6.77,5.29,42,125,15,9,1,0,0,8,4,2,0,200.0,27,0,18,9.0,0,CSK,0,6,Suryakumar Yadav,Nitin Menon,Anil Chaudhary,KN Ananthapadmanabhan,Javagal Srinath
7001,2025,2025-05-18,T20,IPL 2025,League,Mumbai,Wankhede Stadium,MI,CSK,MI,bat,2,13,1,CSK,MI,Ruturaj Gaikwad,Ajinkya Rahane,Hardik Pandya,0,0,,,,,,,,,88,1,6.68,5.41,41,125,15,10,0,1,0,54,44,6,3,122.73,15,0,7,12.86,0,CSK,0,6,Suryakumar Yadav,Nitin Menon,Anil Chaudhary,KN Ananthapadmanabhan,Javagal Srinath
7001,2025,2025-05-18,T20,IPL 2025,League,Mumbai,Wankhede Stadium,MI,CSK,MI,bat,2,13,2,CSK,MI,Ruturaj Gaikwad,Ajinkya Rahane,Hardik Pandya,1,0,,,,,,,,,89,1,6.67,5.4,40,125,16,11,0,0,0,55,45,6,3,122.22,16,0,8,12.0,0,CSK,0,6,Suryakumar Yadav,Nitin Menon,Anil Chaudhary,KN Ananthapadmanabhan,Javagal Srinath
7001,2025,2025-05-18,T20,IPL 2025,League,Mumbai,Wankhede Stadium,MI,CSK,MI,bat,2,13,3,CSK,MI,Ajinkya Rahane,Ruturaj Gaikwad,Hardik Pandya,0,0,,,,,,,,,89,1,6.59,5.54,39,125,16,12,0,1,0,8,5,2,0,160.0,16,0,9,10.67,0,CSK,0,6,Suryakumar Yadav,Nitin Menon,Anil Chaudhary,KN Ananthapadmanabhan,Javagal Srinath
7001,2025,2025-05-18,T20,IPL 2025,League,Mumbai,Wankhede Stadium,MI,CSK,MI,bat,2,13,4,CSK,MI,Ajinkya Rahane,Ruturaj Gaikwad,Hardik Pandya,0,0,,,,,,,,,89,1,6.51,5.68,38,125,16,13,0,1,0,8,6,2,0,133.33,16,0,10,9.6,0,CSK,0,6,Suryakumar Yadav,Nitin Menon,Anil Chaudhary,KN Ananthapadmanabhan,Javagal Srinath
7001,2025,2025-05-18,T20,IPL 2025,League,Mumbai,Wankhede Stadium,MI,CSK,MI,bat,2,13,5,CSK,MI,Ajinkya Rahane,Ruturaj Gaikwad,Hardik Pandya,0,0,,,,,,lbw,Ajinkya Rahane,,89,2,6.43,5.84,37,125,0,1,0,1,1,8,7,2,0,114.29,16,1,11,8.73,0,CSK,0,6,Suryakumar Yadav,Nitin Menon,Anil Chaudhary,KN Ananthapadmanabhan,Javagal Srinath
7001,2025,2025-05-18,T20,IPL 2025,League,Mumbai,Wankhede Stadium,MI,CSK,MI,bat,2,13,6,CSK,MI,Shivam Dube,Ruturaj Gaikwad,Hardik Pandya,1,0,,,,,,,,,90,2,6.43,5.83,36,125,1,2,0,0,0,1,1,0,0,100.0,17,1,12,8.5,0,CSK,0,6,Suryakumar Yadav,Nitin Menon,Anil Chaudhary,KN Ananthapadmanabhan,Javagal Srinath
7001,2025,2025-05-18,T20,IPL 2025,League,Mumbai,Wankhede Stadium,MI,CSK,MI,bat,2,14,1,CSK,MI,Shivam Dube,Ruturaj Gaikwad,Gerald Coetzee,1,0,,,,,,,,,91,2,6.42,5.83,35,125,2,3,0,0,0,2,2,0,0,100.0,13,1,13,6.0,0,CSK,0,6,Suryakumar Yadav,Nitin Menon,Anil Chaudhary,KN Ananthapadmanabhan,Javagal Srinath
7001,2025,2025-05-18,T20,IPL 2025,League,Mumbai,Wankhede Stadium,MI,CSK,MI,bat,2,14,2,CSK,MI,Ruturaj Gaikwad,Shivam Dube,Gerald Coetzee,4,0,,,,,,,,,95,2,6.63,5.29,34,125,6,4,1,0,0,59,46,7,3,128.26,17,1,14,7.29,0,CSK,0,6,Suryakumar Yadav,Nitin Menon,Anil Chaudhary,KN Ananthapadmanabhan,Javagal Srinath
7001,2025,2025-05-18,T20,IPL 2025,League,Mumbai,Wankhede Stadium,MI,CSK,MI,bat,2,14,3,CSK,MI,Ruturaj Gaikwad,Shivam Dube,Gerald Coetzee,1,0,,,,,,,,,96,2,6.62,5.27,33,125,7,5,0,0,0,60,47,7,3,127.66,18,1,15,7.2,0,CSK,0,6,Suryakumar Yadav,Nitin Menon,Anil Chaudhary,KN Ananthapadmanabhan,Javagal Srinath
7001,2025,2025-05-18,T20,IPL 2025,League,Mumbai,Wankhede Stadium,MI,CSK,MI,bat,2,14,4,CSK,MI,Shivam Dube,Ruturaj Gaikwad,Gerald Coetzee,0,0,,,,,,,,,96,2,6.55,5.44,32,125,7,6,0,1,0,2,3,0,0,66.67,18,1,16,6.75,0,CSK,0,6,Suryakumar Yadav,Nitin Menon,Anil Chaudhary,KN Ananthapadmanabhan,Javagal Srinath
7001,2025,2025-05-18,T20,IPL 2025,League,Mumbai,Wankhede Stadium,MI,CSK,MI,bat,2,14,5,CSK,MI,Shivam Dube,Ruturaj Gaikwad,Gerald Coetzee,1,0,,,,,,,,,97,2,6.54,5.42,31,125,8,7,0,0,0,3,4,0,0,75.0,19,1,17,6.71,0,CSK,0,6,Suryakumar Yadav,Nitin Menon,Anil Chaudhary,KN Ananthapadmanabhan,Javagal Srinath
7001,2025,2025-05-18,T20,IPL 2025,League,Mumbai,Wankhede Stadium,MI,CSK,MI,bat,2,14,6,CSK,MI,Ruturaj Gaikwad,Shivam Dube,Gerald Coetzee,0,0,,,,,,,,,97,2,6.47,5.6,30,125,8,8,0,1,0,60,48,7,3,125.0,19,1,18,6.33,0,CSK,0,6,Suryakumar Yadav,Nitin Menon,Anil Chaudhary,KN Ananthapadmanabhan,Javagal Srinath
7001,2025,2025-05-18,T20,IPL 2025,League,Mumbai,Wankhede Stadium,MI,CSK,MI,bat,2,15,1,CSK,MI,Shivam Dube,Ruturaj Gaikwad,Piyush Chawla,0,0,,,,,,,,,97,2,6.4,5.79,29,125,8,9,0,1,0,3,5,0,0,60.0,7,0,13,3.23,0,CSK,0,6,Suryakumar Yadav,Nitin Menon,Anil Chaudhary,KN Ananthapadmanabhan,Javagal Srinath
7001,2025,2025-05-18,T20,IPL 2025,League,Mumbai,Wankhede Stadium,MI,CSK,MI,bat,2,15,2,CSK,MI,Shivam Dube,Ruturaj Gaikwad,Piyush Chawla,0,0,,,,,,,,,97,2,6.33,6.0,28,125,8,10,0,1,0,3,6,0,0,50.0,7,0,14,3.0,0,CSK,0,6,Suryakumar Yadav,Nitin Menon,Anil Chaudhary,KN Ananthapadmanabhan,Javagal Srinath
7001,2025,2025-05-18,T20,IPL 2025,League,Mumbai,Wankhede Stadium,MI,CSK,MI,bat,2,15,3,CSK,MI,Shivam Dube,Ruturaj Gaikwad,Piyush Chawla,0,0,,,,,,,,,97,2,6.26,6.22,27,125,8,11,0,1,0,3,7,0,0,42.86,7,0,15,2.8,0,CSK,0,6,Suryakumar Yadav,Nitin Menon,Anil Chaudhary,KN Ananthapadmanabhan,Javagal Srinath
7001,2025,2025-05-18,T20,IPL 2025,League,Mumbai,Wankhede Stadium,MI,CSK,MI,bat,2,15,4,CSK,MI,Shivam Dube,Ruturaj Gaikwad,Piyush Chawla,2,0,,,,,,,,,99,2,6.32,6.0,26,125,10,12,0,0,0,5,8,0,0,62.5,9,0,16,3.38,0,CSK,0,6,Suryakumar Yadav,Nitin Menon,Anil Chaudhary,KN Ananthapadmanabhan,Javagal Srinath
7001,2025,2025-05-18,T20,IPL 2025,League,Mumbai,Wankhede Stadium,MI,CSK,MI,bat,2,15,5,CSK,MI,Shivam Dube,Ruturaj Gaikwad,Piyush Chawla,6,0,,,,,,,,,105,2,6.63,4.8,25,125,16,13,1,0,0,11,9,0,1,122.22,15,0,17,5.29,0,CSK,0,6,Suryakumar Yadav,Nitin Menon,Anil Chaudhary,KN Ananthapadmanabhan,Javagal Srinath
7001,2025,2025-05-18,T20,IPL 2025,League,Mumbai,Wankhede Stadium,MI,CSK,MI,bat,2,15,6,CSK,MI,Shivam Dube,Ruturaj Gaikwad,Piyush Chawla,0,0,,,,,,,,,105,2,6.56,5.0,24,125,16,14,0,1,0,11,10,0,1,110.0,15,0,18,5.0,0,CSK,0,6,Suryakumar Yadav,Nitin Menon,Anil Chaudhary,KN Ananthapadmanabhan,Javagal Srinath
7001,2025,2025-05-18,T20,IPL 2025,League,Mumbai,Wankhede Stadium,MI,CSK,MI,bat,2,16,1,CSK,MI,Ruturaj Gaikwad,Shivam Dube,Hardik Pandya,0,0,,,,,,,,,105,2,6.49,5.22,23,125,16,15,0,1,0,60,49,7,3,122.45,17,1,13,7.85,0,CSK,0,6,Suryakumar Yadav,Nitin Menon,Anil Chaudhary,KN Ananthapadmanabhan,Javagal Srinath
7001,2025,2025-05-18,T20,IPL 2025,League,Mumbai,Wankhede Stadium,MI,CSK,MI,bat,2,16,2,CSK,MI,Ruturaj Gaikwad,Shivam Dube,Hardik Pandya,0,0,,,,,,,,,105,2,6.43,5.45,22,125,16,16,0,1,0,60,50,7,3,120.0,17,1,14,7.29,0,CSK,0,6,Suryakumar Yadav,Nitin Menon,Anil Chaudhary,KN Ananthapadmanabhan,Javagal Srinath
7001,2025,2025-05-18,T20,IPL 2025,League,Mumbai,Wankhede Stadium,MI,CSK,MI,bat,2,16,3,CSK,MI,Ruturaj Gaikwad,Shivam Dube,Hardik Pandya,0,0,,,,,,,,,105,2,6.36,5.71,21,125,16,17,0,1,0,60,51,7,3,117.65,17,1,15,6.8,0,CSK,0,6,Suryakumar Yadav,Nitin Menon,Anil Chaudhary,KN Ananthapadmanabhan,Javagal Srinath
7001,2025,2025-05-18,T20,IPL 2025,League,Mumbai,Wankhede Stadium,MI,CSK,MI,bat,2,16,4,CSK,MI,Ruturaj Gaikwad,Shivam Dube,Hardik Pandya,0,0,,,,,,,,,105,2,6.3,6.0,20,125,16,18,0,1,0,60,52,7,3,115.38,17,1,16,6.38,0,CSK,0,6,Suryakumar Yadav,Nitin Menon,Anil Chaudhary,KN Ananthapadmanabhan,Javagal Srinath
7001,2025,2025-05-18,T20,IPL 2025,League,Mumbai,Wankhede Stadium,MI,CSK,MI,bat,2,16,5,CSK,MI,Ruturaj Gaikwad,Shivam Dube,Hardik Pandya,0,0,,,,,,,,,105,2,6.24,6.32,19,125,16,19,0,1,0,60,53,7,3,113.21,17,1,17,6.0,0,CSK,0,6,Suryakumar Yadav,Nitin Menon,Anil Chaudhary,KN Ananthapadmanabhan,Javagal Srinath
7001,2025,2025-05-18,T20,IPL 2025,League,Mumbai,Wankhede Stadium,MI,CSK,MI,bat,2,16,6,CSK,MI,Ruturaj Gaikwad,Shivam Dube,Hardik Pandya,1,0,,,,,,bowled,Ruturaj Gaikwad,,106,3,6.24,6.33,18,125,1,1,0,0,1,61,54,7,3,112.96,18,2,18,6.0,0,CSK,0,6,Suryakumar Yadav,Nitin Menon,Anil Chaudhary,KN Ananthapadmanabhan,Javagal Srinath
7001,2025,2025-05-18,T20,IPL 2025,League,Mumbai,Wankhede Stadium,MI,CSK,MI,bat,2,17,1,CSK,MI,Shivam Dube,Ravindra Jadeja,Akash Madhwal,0,0,,,,,,,,,106,3,6.17,6.71,17,125,1,2,0,1,0,11,11,0,1,100.0,12,0,13,5.54,0,CSK,0,6,Suryakumar Yadav,Nitin Menon,Anil Chaudhary,KN Ananthapadmanabhan,Javagal Srinath
7001,2025,2025-05-18,T20,IPL 2025,League,Mumbai,Wankhede Stadium,MI,CSK,MI,bat,2,17,2,CSK,MI,Shivam Dube,Ravindra Jadeja,Akash Madhwal,2,0,,,,,,stumped,Shivam Dube,Piyush Chawla,108,4,6.23,6.38,16,125,2,1,0,0,1,13,12,0,1,108.33,14,1,14,6.0,0,CSK,0,6,Suryakumar Yadav,Nitin Menon,Anil Chaudhary,KN Ananthapadmanabhan,Javagal Srinath
7001,2025,2025-05-18,T20,IPL 2025,League,Mumbai,Wankhede Stadium,MI,CSK,MI,bat,2,17,3,CSK,MI,MS Dhoni,Ravindra Jadeja,Akash Madhwal,0,0,,,,,,,,,108,4,6.17,6.8,15,125,2,2,0,1,0,0,1,0,0,0.0,14,1,15,5.6,0,CSK,0,6,Suryakumar Yadav,Nitin Menon,Anil Chaudhary,KN Ananthapadmanabhan,Javagal Srinath
7001,2025,2025-05-18,T20,IPL 2025,League,Mumbai,Wankhede Stadium,MI,CSK,MI,bat,2,17,4,CSK,MI,MS Dhoni,Ravindra Jadeja,Akash Madhwal,1,0,,,,,,,,,109,4,6.17,6.86,14,125,3,3,0,0,0,1,2,0,0,50.0,15,1,16,5.62,0,CSK,0,6,Suryakumar Yadav,Nitin Menon,Anil Chaudhary,KN Ananthapadmanabhan,Javagal Srinath
7001,2025,2025-05-18,T20,IPL 2025,League,Mumbai,Wankhede Stadium,MI,CSK,MI,bat,2,17,5,CSK,MI,Ravindra Jadeja,MS Dhoni,Akash Madhwal,0,0,,,,,,,,,109,4,6.11,7.38,13,125,3,4,0,1,0,0,1,0,0,0.0,15,1,17,5.29,0,CSK,0,6,Suryakumar Yadav,Nitin Menon,Anil Chaudhary,KN Ananthapadmanabhan,Javagal Srinath
7001,2025,2025-05-18,T20,IPL 2025,League,Mumbai,Wankhede Stadium,MI,CSK,MI,bat,2,17,6,CSK,MI,Ravindra Jadeja,MS Dhoni,Akash Madhwal,1,0,,,,,,,,,110,4,6.11,7.5,12,125,4,5,0,0,0,1,2,0,0,50.0,16,1,18,5.33,0,CSK,0,6,Suryakumar Yadav,Nitin Menon,Anil Chaudhary,KN Ananthapadmanabhan,Javagal Srinath
7001,2025,2025-05-18,T20,IPL 2025,League,Mumbai,Wankhede Stadium,MI,CSK,MI,bat,2,18,1,CSK,MI,Ravindra Jadeja,MS Dhoni,Tim David,1,0,,,,,,,,,111,4,6.11,7.64,11,125,5,6,0,0,0,2,3,0,0,66.67,16,0,19,5.05,0,CSK,0,6,Suryakumar Yadav,Nitin Menon,Anil Chaudhary,KN Ananthapadmanabhan,Javagal Srinath
7001,2025,2025-05-18,T20,IPL 2025,League,Mumbai,Wankhede Stadium,MI,CSK,MI,bat,2,18,2,CSK,MI,MS Dhoni,Ravindra Jadeja,Tim David,0,2,2,,,,,,,,113,4,6.22,6.55,11,125,7,6,0,0,0,1,2,0,0,50.0,18,0,19,5.68,0,CSK,0,6,Suryakumar Yadav,Nitin Menon,Anil Chaudhary,KN Ananthapadmanabhan,Javagal Srinath
7001,2025,2025-05-18,T20,IPL 2025,League,Mumbai,Wankhede Stadium,MI,CSK,MI,bat,2,18,2,CSK,MI,MS Dhoni,Ravindra Jadeja,Tim David,4,0,,,,,,,,,117,4,6.38,4.8,10,125,11,7,1,0,0,5,3,1,0,166.67,22,0,20,6.6,0,CSK,0,6,Suryakumar Yadav,Nitin Menon,Anil Chaudhary,KN Ananthapadmanabhan,Javagal Srinath
7001,2025,2025-05-18,T20,IPL 2025,League,Mumbai,Wankhede Stadium,MI,CSK,MI,bat,2,18,3,CSK,MI,MS Dhoni,Ravindra Jadeja,Tim David,2,0,,,,,,,,,119,4,6.43,4.0,9,125,13,8,0,0,0,7,4,1,0,175.0,24,0,21,6.86,0,CSK,0,6,Suryakumar Yadav,Nitin Menon,Anil Chaudhary,KN Ananthapadmanabhan,Javagal Srinath
7001,2025,2025-05-18,T20,IPL 2025,League,Mumbai,Wankhede Stadium,MI,CSK,MI,bat,2,18,4,CSK,MI,MS Dhoni,Ravindra Jadeja,Tim David,0,0,,,,,,,,,119,4,6.38,4.5,8,125,13,9,0,1,0,7,5,1,0,140.0,24,0,22,6.55,0,CSK,0,6,Suryakumar Yadav,Nitin Menon,Anil Chaudhary,KN Ananthapadmanabhan,Javagal Srinath
7001,2025,2025-05-18,T20,IPL 2025,League,Mumbai,Wankhede Stadium,MI,CSK,MI,bat,2,18,5,CSK,MI,MS Dhoni,Ravindra Jadeja,Tim David,6,0,,,,,,,,,125,4,6.64,0.0,7,125,19,10,1,0,0,13,6,1,1,216.67,30,0,23,7.83,0,CSK,0,6,Suryakumar Yadav,Nitin Menon,Anil Chaudhary,KN Ananthapadmanabhan,Javagal Srinath
