match_no,date_x,stage_x,venue_x,batting_team,bowling_team,innings,over,striker,bowler,runs_of_bat,extras,wide,legbyes,byes,noballs,wicket_type,player_dismissed,fielder,match_id,date_y,venue_y,team1,team2,stage_y,toss_winner,toss_decision,first_ings_score,first_ings_wkts,second_ings_score,second_ings_wkts,match_result,match_winner,wb_runs,wb_wickets,balls_left,player_of_the_match,top_scorer,highscore,best_bowling,best_bowling_figure,runs,wickets
1,2025-04-18,League,Wankhede Stadium,MI,CSK,1,0.1,Rohit Sharma,Shivam Dube,1,0,,,,,,,,5001,2025-04-18,Wankhede Stadium,MI,CSK,League,MI,bat,124,9,125,4,CSK won by 6 wickets,CSK,0,6,3,Ruturaj Gaikwad,Ruturaj Gaikwad,61,Shivam Dube,3/12,1,0
1,2025-04-18,League,Wankhede Stadium,MI,CSK,1,0.2,Ishan Kishan,Shivam Dube,0,0,,,,,,,,5001,2025-04-18,Wankhede Stadium,MI,CSK,League,MI,bat,124,9,125,4,CSK won by 6 wickets,CSK,0,6,3,Ruturaj Gaikwad,Ruturaj Gaikwad,61,Shivam Dube,3/12,1,0
1,2025-04-18,League,Wankhede Stadium,MI,CSK,1,0.3,Ishan Kishan,Shivam Dube,1,0,,,,,bowled,Ishan Kishan,,5001,2025-04-18,Wankhede Stadium,MI,CSK,League,MI,bat,124,9,125,4,CSK won by 6 wickets,CSK,0,6,3,Ruturaj Gaikwad,Ruturaj Gaikwad,61,Shivam Dube,3/12,2,1
1,2025-04-18,League,Wankhede Stadium,MI,CSK,1,0.4,Suryakumar Yadav,Shivam Dube,0,0,,,,,caught,Suryakumar Yadav,Tushar Deshpande,5001,2025-04-18,Wankhede Stadium,MI,CSK,League,MI,bat,124,9,125,4,CSK won by 6 wickets,CSK,0,6,3,Ruturaj Gaikwad,Ruturaj Gaikwad,61,Shivam Dube,3/12,2,2
1,2025-04-18,League,Wankhede Stadium,MI,CSK,1,0.5,Tilak Varma,Shivam Dube,0,0,,,,,,,,5001,2025-04-18,Wankhede Stadium,MI,CSK,League,MI,bat,124,9,125,4,CSK won by 6 wickets,CSK,0,6,3,Ruturaj Gaikwad,Ruturaj Gaikwad,61,Shivam Dube,3/12,2,2
1,2025-04-18,League,Wankhede Stadium,MI,CSK,1,0.6,Tilak Varma,Shivam Dube,1,0,,,,,,,,5001,2025-04-18,Wankhede Stadium,MI,CSK,League,MI,bat,124,9,125,4,CSK won by 6 wickets,CSK,0,6,3,Ruturaj Gaikwad,Ruturaj Gaikwad,61,Shivam Dube,3/12,3,2
1,2025-04-18,League,Wankhede Stadium,MI,CSK,1,1.1,Tilak Varma,Ravindra Jadeja,0,0,,,,,,,,5001,2025-04-18,Wankhede Stadium,MI,CSK,League,MI,bat,124,9,125,4,CSK won by 6 wickets,CSK,0,6,3,Ruturaj Gaikwad,Ruturaj Gaikwad,61,Shivam Dube,3/12,3,2
1,2025-04-18,League,Wankhede Stadium,MI,CSK,1,1.2,Tilak Varma,Ravindra Jadeja,0,0,,,,,,,,5001,2025-04-18,Wankhede Stadium,MI,CSK,League,MI,bat,124,9,125,4,CSK won by 6 wickets,CSK,0,6,3,Ruturaj Gaikwad,Ruturaj Gaikwad,61,Shivam Dube,3/12,3,2
1,2025-04-18,League,Wankhede Stadium,MI,CSK,1,1.3,Tilak Varma,Ravindra Jadeja,1,0,,,,,,,,5001,2025-04-18,Wankhede Stadium,MI,CSK,League,MI,bat,124,9,125,4,CSK won by 6 wickets,CSK,0,6,3,Ruturaj Gaikwad,Ruturaj Gaikwad,61,Shivam Dube,3/12,4,2
1,2025-04-18,League,Wankhede Stadium,MI,CSK,1,1.4,Rohit Sharma,Ravindra Jadeja,0,0,,,,,,,,5001,2025-04-18,Wankhede Stadium,MI,CSK,League,MI,bat,124,9,125,4,CSK won by 6 wickets,CSK,0,6,3,Ruturaj Gaikwad,Ruturaj Gaikwad,61,Shivam Dube,3/12,4,2
1,2025-04-18,League,Wankhede Stadium,MI,CSK,1,1.5,Rohit Sharma,Ravindra Jadeja,1,0,,,,,,,,5001,2025-04-18,Wankhede Stadium,MI,CSK,League,MI,bat,124,9,125,4,CSK won by 6 wickets,CSK,0,6,3,Ruturaj Gaikwad,Ruturaj Gaikwad,61,Shivam Dube,3/12,5,2
1,2025-04-18,League,Wankhede Stadium,MI,CSK,1,1.6,Tilak Varma,Ravindra Jadeja,4,0,,,,,,,,5001,2025-04-18,Wankhede Stadium,MI,CSK,League,MI,bat,124,9,125,4,CSK won by 6 wickets,CSK,0,6,3,Ruturaj Gaikwad,Ruturaj Gaikwad,61,Shivam Dube,3/12,9,2
1,2025-04-18,League,Wankhede Stadium,MI,CSK,1,2.1,Rohit Sharma,Deepak Chahar,1,1,,,,1,,,,5001,2025-04-18,Wankhede Stadium,MI,CSK,League,MI,bat,124,9,125,4,CSK won by 6 wickets,CSK,0,6,3,Ruturaj Gaikwad,Ruturaj Gaikwad,61,Shivam Dube,3/12,11,2
1,2025-04-18,League,Wankhede Stadium,MI,CSK,1,2.1,Tilak Varma,Deepak Chahar,3,0,,,,,,,,5001,2025-04-18,Wankhede Stadium,MI,CSK,League,MI,bat,124,9,125,4,CSK won by 6 wickets,CSK,0,6,3,Ruturaj Gaikwad,Ruturaj Gaikwad,61,Shivam Dube,3/12,14,2
1,2025-04-18,League,Wankhede Stadium,MI,CSK,1,2.2,Rohit Sharma,Deepak Chahar,0,0,,,,,,,,5001,2025-04-18,Wankhede Stadium,MI,CSK,League,MI,bat,124,9,125,4,CSK won by 6 wickets,CSK,0,6,3,Ruturaj Gaikwad,Ruturaj Gaikwad,61,Shivam Dube,3/12,14,2
1,2025-04-18,League,Wankhede Stadium,MI,CSK,1,2.3,Rohit Sharma,Deepak Chahar,0,0,,,,,,,,5001,2025-04-18,Wankhede Stadium,MI,CSK,League,MI,bat,124,9,125,4,CSK won by 6 wickets,CSK,0,6,3,Ruturaj Gaikwad,Ruturaj Gaikwad,61,Shivam Dube,3/12,14,2
1,2025-04-18,League,Wankhede Stadium,MI,CSK,1,2.4,Rohit Sharma,Deepak Chahar,1,0,,,,,,,,5001,2025-04-18,Wankhede Stadium,MI,CSK,League,MI,bat,124,9,125,4,CSK won by 6 wickets,CSK,0,6,3,Ruturaj Gaikwad,Ruturaj Gaikwad,61,Shivam Dube,3/12,15,2
1,2025-04-18,League,Wankhede Stadium,MI,CSK,1,2.5,Tilak Varma,Deepak Chahar,0,0,,,,,,,,5001,2025-04-18,Wankhede Stadium,MI,CSK,League,MI,bat,124,9,125,4,CSK won by 6 wickets,CSK,0,6,3,Ruturaj Gaikwad,Ruturaj Gaikwad,61,Shivam Dube,3/12,15,2
1,2025-04-18,League,Wankhede Stadium,MI,CSK,1,2.6,Tilak Varma,Deepak Chahar,0,0,,,,,,,,5001,2025-04-18,Wankhede Stadium,MI,CSK,League,MI,bat,124,9,125,4,CSK won by 6 wickets,CSK,0,6,3,Ruturaj Gaikwad,Ruturaj Gaikwad,61,Shivam Dube,3/12,15,2
1,2025-04-18,League,Wankhede Stadium,MI,CSK,1,3.1,Rohit Sharma,Shivam Dube,0,0,,,,,,,,5001,2025-04-18,Wankhede Stadium,MI,CSK,League,MI,bat,124,9,125,4,CSK won by 6 wickets,CSK,0,6,3,Ruturaj Gaikwad,Ruturaj Gaikwad,61,Shivam Dube,3/12,15,2
1,2025-04-18,League,Wankhede Stadium,MI,CSK,1,3.2,Rohit Sharma,Shivam Dube,2,0,,,,,,,,5001,2025-04-18,Wankhede Stadium,MI,CSK,League,MI,bat,124,9,125,4,CSK won by 6 wickets,CSK,0,6,3,Ruturaj Gaikwad,Ruturaj Gaikwad,61,Shivam Dube,3/12,17,2
1,2025-04-18,League,Wankhede Stadium,MI,CSK,1,3.3,Rohit Sharma,Shivam Dube,0,0,,,,,,,,5001,2025-04-18,Wankhede Stadium,MI,CSK,League,MI,bat,124,9,125,4,CSK won by 6 wickets,CSK,0,6,3,Ruturaj Gaikwad,Ruturaj Gaikwad,61,Shivam Dube,3/12,17,2
1,2025-04-18,League,Wankhede Stadium,MI,CSK,1,3.4,Rohit Sharma,Shivam Dube,1,0,,,,,,,,5001,2025-04-18,Wankhede Stadium,MI,CSK,League,MI,bat,124,9,125,4,CSK won by 6 wickets,CSK,0,6,3,Ruturaj Gaikwad,Ruturaj Gaikwad,61,Shivam Dube,3/12,18,2
1,2025-04-18,League,Wankhede Stadium,MI,CSK,1,3.5,Tilak Varma,Shivam Dube,4,0,,,,,,,,5001,2025-04-18,Wankhede Stadium,MI,CSK,League,MI,bat,124,9,125,4,CSK won by 6 wickets,CSK,0,6,3,Ruturaj Gaikwad,Ruturaj Gaikwad,61,Shivam Dube,3/12,22,2
1,2025-04-18,League,Wankhede Stadium,MI,CSK,1,3.6,Tilak Varma,Shivam Dube,0,0,,,,,,,,5001,2025-04-18,Wankhede Stadium,MI,CSK,League,MI,bat,124,9,125,4,CSK won by 6 wickets,CSK,0,6,3,Ruturaj Gaikwad,Ruturaj Gaikwad,61,Shivam Dube,3/12,22,2
1,2025-04-18,League,Wankhede Stadium,MI,CSK,1,4.1,Rohit Sharma,Maheesh Theekshana,1,0,,,,,,,,5001,2025-04-18,Wankhede Stadium,MI,CSK,League,MI,bat,124,9,125,4,CSK won by 6 wickets,CSK,0,6,3,Ruturaj Gaikwad,Ruturaj Gaikwad,61,Shivam Dube,3/12,23,2
1,2025-04-18,League,Wankhede Stadium,MI,CSK,1,4.2,Tilak Varma,Maheesh Theekshana,0,0,,,,,,,,5001,2025-04-18,Wankhede Stadium,MI,CSK,League,MI,bat,124,9,125,4,CSK won by 6 wickets,CSK,0,6,3,Ruturaj Gaikwad,Ruturaj Gaikwad,61,Shivam Dube,3/12,23,2
1,2025-04-18,League,Wankhede Stadium,MI,CSK,1,4.3,Tilak Varma,Maheesh Theekshana,0,0,,,,,bowled,Tilak Varma,,5001,2025-04-18,Wankhede Stadium,MI,CSK,League,MI,bat,124,9,125,4,CSK won by 6 wickets,CSK,0,6,3,Ruturaj Gaikwad,Ruturaj Gaikwad,61,Shivam Dube,3/12,23,3
1,2025-04-18,League,Wankhede Stadium,MI,CSK,1,4.4,Hardik Pandya,Maheesh Theekshana,0,0,,,,,,,,5001,2025-04-18,Wankhede Stadium,MI,CSK,League,MI,bat,124,9,125,4,CSK won by 6 wickets,CSK,0,6,3,Ruturaj Gaikwad,Ruturaj Gaikwad,61,Shivam Dube,3/12,23,3
1,2025-04-18,League,Wankhede Stadium,MI,CSK,1,4.5,Hardik Pandya,Maheesh Theekshana,0,0,,,,,,,,5001,2025-04-18,Wankhede Stadium,MI,CSK,League,MI,bat,124,9,125,4,CSK won by 6 wickets,CSK,0,6,3,Ruturaj Gaikwad,Ruturaj Gaikwad,61,Shivam Dube,3/12,23,3
1,2025-04-18,League,Wankhede Stadium,MI,CSK,1,4.6,Hardik Pandya,Maheesh Theekshana,0,0,,,,,,,,5001,2025-04-18,Wankhede Stadium,MI,CSK,League,MI,bat,124,9,125,4,CSK won by 6 wickets,CSK,0,6,3,Ruturaj Gaikwad,Ruturaj Gaikwad,61,Shivam Dube,3/12,23,3
1,2025-04-18,League,Wankhede Stadium,MI,CSK,1,5.1,Rohit Sharma,Deepak Chahar,0,0,,,,,,,,5001,2025-04-18,Wankhede Stadium,MI,CSK,League,MI,bat,124,9,125,4,CSK won by 6 wickets,CSK,0,6,3,Ruturaj Gaikwad,Ruturaj Gaikwad,61,Shivam Dube,3/12,23,3
1,2025-04-18,League,Wankhede Stadium,MI,CSK,1,5.2,Rohit Sharma,Deepak Chahar,1,0,,,,,,,,5001,2025-04-18,Wankhede Stadium,MI,CSK,League,MI,bat,124,9,125,4,CSK won by 6 wickets,CSK,0,6,3,Ruturaj Gaikwad,Ruturaj Gaikwad,61,Shivam Dube,3/12,24,3
1,2025-04-18,League,Wankhede Stadium,MI,CSK,1,5.3,Hardik Pandya,Deepak Chahar,0,0,,,,,caught and bowled,Hardik Pandya,Deepak Chahar,5001,2025-04-18,Wankhede Stadium,MI,CSK,League,MI,bat,124,9,125,4,CSK won by 6 wickets,CSK,0,6,3,Ruturaj Gaikwad,Ruturaj Gaikwad,61,Shivam Dube,3/12,24,4
1,2025-04-18,League,Wankhede Stadium,MI,CSK,1,5.4,Tim David,Deepak Chahar,0,0,,,,,,,,5001,2025-04-18,Wankhede Stadium,MI,CSK,League,MI,bat,124,9,125,4,CSK won by 6 wickets,CSK,0,6,3,Ruturaj Gaikwad,Ruturaj Gaikwad,61,Shivam Dube,3/12,24,4
1,2025-04-18,League,Wankhede Stadium,MI,CSK,1,5.5,Tim David,Deepak Chahar,4,0,,,,,,,,5001,2025-04-18,Wankhede Stadium,MI,CSK,League,MI,bat,124,9,125,4,CSK won by 6 wickets,CSK,0,6,3,Ruturaj Gaikwad,Ruturaj Gaikwad,61,Shivam Dube,3/12,28,4
1,2025-04-18,League,Wankhede Stadium,MI,CSK,1,5.6,Tim David,Deepak Chahar,1,0,,,,,,,,5001,2025-04-18,Wankhede Stadium,MI,CSK,League,MI,bat,124,9,125,4,CSK won by 6 wickets,CSK,0,6,3,Ruturaj Gaikwad,Ruturaj Gaikwad,61,Shivam Dube,3/12,29,4
1,2025-04-18,League,Wankhede Stadium,MI,CSK,1,6.1,Tim David,Tushar Deshpande,0,0,,,,,,,,5001,2025-04-18,Wankhede Stadium,MI,CSK,League,MI,bat,124,9,125,4,CSK won by 6 wickets,CSK,0,6,3,Ruturaj Gaikwad,Ruturaj Gaikwad,61,Shivam Dube,3/12,29,4
1,2025-04-18,League,Wankhede Stadium,MI,CSK,1,6.2,Tim David,Tushar Deshpande,4,0,,,,,,,,5001,2025-04-18,Wankhede Stadium,MI,CSK,League,MI,bat,124,9,125,4,CSK won by 6 wickets,CSK,0,6,3,Ruturaj Gaikwad,Ruturaj Gaikwad,61,Shivam Dube,3/12,33,4
1,2025-04-18,League,Wankhede Stadium,MI,CSK,1,6.3,Tim David,Tushar Deshpande,0,0,,,,,,,,5001,2025-04-18,Wankhede Stadium,MI,CSK,League,MI,bat,124,9,125,4,CSK won by 6 wickets,CSK,0,6,3,Ruturaj Gaikwad,Ruturaj Gaikwad,61,Shivam Dube,3/12,33,4
1,2025-04-18,League,Wankhede Stadium,MI,CSK,1,6.4,Tim David,Tushar Deshpande,2,0,,,,,,,,5001,2025-04-18,Wankhede Stadium,MI,CSK,League,MI,bat,124,9,125,4,CSK won by 6 wickets,CSK,0,6,3,Ruturaj Gaikwad,Ruturaj Gaikwad,61,Shivam Dube,3/12,35,4
1,2025-04-18,League,Wankhede Stadium,MI,CSK,1,6.5,Tim David,Tushar Deshpande,1,0,,,,,,,,5001,2025-04-18,Wankhede Stadium,MI,CSK,League,MI,bat,124,9,125,4,CSK won by 6 wickets,CSK,0,6,3,Ruturaj Gaikwad,Ruturaj Gaikwad,61,Shivam Dube,3/12,36,4
1,2025-04-18,League,Wankhede Stadium,MI,CSK,1,6.6,Rohit Sharma,Tushar Deshpande,2,0,,,,,,,,5001,2025-04-18,Wankhede Stadium,MI,CSK,League,MI,bat,124,9,125,4,CSK won by 6 wickets,CSK,0,6,3,Ruturaj Gaikwad,Ruturaj Gaikwad,61,Shivam Dube,3/12,38,4
1,2025-04-18,League,Wankhede Stadium,MI,CSK,1,7.1,Tim David,Shivam Dube,0,0,,,,,,,,5001,2025-04-18,Wankhede Stadium,MI,CSK,League,MI,bat,124,9,125,4,CSK won by 6 wickets,CSK,0,6,3,Ruturaj Gaikwad,Ruturaj Gaikwad,61,Shivam Dube,3/12,38,4
1,2025-04-18,League,Wankhede Stadium,MI,CSK,1,7.2,Tim David,Shivam Dube,0,0,,,,,,,,5001,2025-04-18,Wankhede Stadium,MI,CSK,League,MI,bat,124,9,125,4,CSK won by 6 wickets,CSK,0,6,3,Ruturaj Gaikwad,Ruturaj Gaikwad,61,Shivam Dube,3/12,38,4
1,2025-04-18,League,Wankhede Stadium,MI,CSK,1,7.3,Tim David,Shivam Dube,0,0,,,,,,,,5001,2025-04-18,Wankhede Stadium,MI,CSK,League,MI,bat,124,9,125,4,CSK won by 6 wickets,CSK,0,6,3,Ruturaj Gaikwad,Ruturaj Gaikwad,61,Shivam Dube,3/12,38,4
1,2025-04-18,League,Wankhede Stadium,MI,CSK,1,7.4,Tim David,Shivam Dube,0,0,,,,,,,,5001,2025-04-18,Wankhede Stadium,MI,CSK,League,MI,bat,124,9,125,4,CSK won by 6 wickets,CSK,0,6,3,Ruturaj Gaikwad,Ruturaj Gaikwad,61,Shivam Dube,3/12,38,4
1,2025-04-18,League,Wankhede Stadium,MI,CSK,1,7.5,Tim David,Shivam Dube,1,0,,,,,,,,5001,2025-04-18,Wankhede Stadium,MI,CSK,League,MI,bat,124,9,125,4,CSK won by 6 wickets,CSK,0,6,3,Ruturaj Gaikwad,Ruturaj Gaikwad,61,Shivam Dube,3/12,39,4
1,2025-04-18,League,Wankhede Stadium,MI,CSK,1,7.6,Rohit Sharma,Shivam Dube,0,0,,,,,,,,5001,2025-04-18,Wankhede Stadium,MI,CSK,League,MI,bat,124,9,125,4,CSK won by 6 wickets,CSK,0,6,3,Ruturaj Gaikwad,Ruturaj Gaikwad,61,Shivam Dube,3/12,39,4
1,2025-04-18,League,Wankhede Stadium,MI,CSK,1,8.1,Tim David,Tushar Deshpande,0,1,1,,,,,,,5001,2025-04-18,Wankhede Stadium,MI,CSK,League,MI,bat,124,9,125,4,CSK won by 6 wickets,CSK,0,6,3,Ruturaj Gaikwad,Ruturaj Gaikwad,61,Shivam Dube,3/12,40,4
1,2025-04-18,League,Wankhede Stadium,MI,CSK,1,8.1,Tim David,Tushar Deshpande,0,1,1,,,,,,,5001,2025-04-18,Wankhede Stadium,MI,CSK,League,MI,bat,124,9,125,4,CSK won by 6 wickets,CSK,0,6,3,Ruturaj Gaikwad,Ruturaj Gaikwad,61,Shivam Dube,3/12,41,4
1,2025-04-18,League,Wankhede Stadium,MI,CSK,1,8.1,Tim David,Tushar Deshpande,3,0,,,,,,,,5001,2025-04-18,Wankhede Stadium,MI,CSK,League,MI,bat,124,9,125,4,CSK won by 6 wickets,CSK,0,6,3,Ruturaj Gaikwad,Ruturaj Gaikwad,61,Shivam Dube,3/12,44,4
1,2025-04-18,League,Wankhede Stadium,MI,CSK,1,8.2,Rohit Sharma,Tushar Deshpande,1,0,,,,,,,,5001,2025-04-18,Wankhede Stadium,MI,CSK,League,MI,bat,124,9,125,4,CSK won by 6 wickets,CSK,0,6,3,Ruturaj Gaikwad,Ruturaj Gaikwad,61,Shivam Dube,3/12,45,4
1,2025-04-18,League,Wankhede Stadium,MI,CSK,1,8.3,Tim David,Tushar Deshpande,4,0,,,,,,,,5001,2025-04-18,Wankhede Stadium,MI,CSK,League,MI,bat,124,9,125,4,CSK won by 6 wickets,CSK,0,6,3,Ruturaj Gaikwad,Ruturaj Gaikwad,61,Shivam Dube,3/12,49,4
1,2025-04-18,League,Wankhede Stadium,MI,CSK,1,8.4,Tim David,Tushar Deshpande,1,0,,,,,,,,5001,2025-04-18,Wankhede Stadium,MI,CSK,League,MI,bat,124,9,125,4,CSK won by 6 wickets,CSK,0,6,3,Ruturaj Gaikwad,Ruturaj Gaikwad,61,Shivam Dube,3/12,50,4
1,2025-04-18,League,Wankhede Stadium,MI,CSK,1,8.5,Rohit Sharma,Tushar Deshpande,0,0,,,,,,,,5001,2025-04-18,Wankhede Stadium,MI,CSK,League,MI,bat,124,9,125,4,CSK won by 6 wickets,CSK,0,6,3,Ruturaj Gaikwad,Ruturaj Gaikwad,61,Shivam Dube,3/12,50,4
1,2025-04-18,League,Wankhede Stadium,MI,CSK,1,8.6,Rohit Sharma,Tushar Deshpande,0,0,,,,,,,,5001,2025-04-18,Wankhede Stadium,MI,CSK,League,MI,bat,124,9,125,4,CSK won by 6 wickets,CSK,0,6,3,Ruturaj Gaikwad,Ruturaj Gaikwad,61,Shivam Dube,3/12,50,4
1,2025-04-18,League,Wankhede Stadium,MI,CSK,1,9.1,Tim David,Deepak Chahar,1,0,,,,,,,,5001,2025-04-18,Wankhede Stadium,MI,CSK,League,MI,bat,124,9,125,4,CSK won by 6 wickets,CSK,0,6,3,Ruturaj Gaikwad,Ruturaj Gaikwad,61,Shivam Dube,3/12,51,4
1,2025-04-18,League,Wankhede Stadium,MI,CSK,1,9.2,Rohit Sharma,Deepak Chahar,0,0,,,,,,,,5001,2025-04-18,Wankhede Stadium,MI,CSK,League,MI,bat,124,9,125,4,CSK won by 6 wickets,CSK,0,6,3,Ruturaj Gaikwad,Ruturaj Gaikwad,61,Shivam Dube,3/12,51,4
1,2025-04-18,League,Wankhede Stadium,MI,CSK,1,9.3,Rohit Sharma,Deepak Chahar,0,0,,,,,,,,5001,2025-04-18,Wankhede Stadium,MI,CSK,League,MI,bat,124,9,125,4,CSK won by 6 wickets,CSK,0,6,3,Ruturaj Gaikwad,Ruturaj Gaikwad,61,Shivam Dube,3/12,51,4
1,2025-04-18,League,Wankhede Stadium,MI,CSK,1,9.4,Rohit Sharma,Deepak Chahar,0,0,,,,,,,,5001,2025-04-18,Wankhede Stadium,MI,CSK,League,MI,bat,124,9,125,4,CSK won by 6 wickets,CSK,0,6,3,Ruturaj Gaikwad,Ruturaj Gaikwad,61,Shivam Dube,3/12,51,4
1,2025-04-18,League,Wankhede Stadium,MI,CSK,1,9.5,Rohit Sharma,Deepak Chahar,0,0,,,,,,,,5001,2025-04-18,Wankhede Stadium,MI,CSK,League,MI,bat,124,9,125,4,CSK won by 6 wickets,CSK,0,6,3,Ruturaj Gaikwad,Ruturaj Gaikwad,61,Shivam Dube,3/12,51,4
1,2025-04-18,League,Wankhede Stadium,MI,CSK,1,9.6,Rohit Sharma,Deepak Chahar,0,0,,,,,,,,5001,2025-04-18,Wankhede Stadium,MI,CSK,League,MI,bat,124,9,125,4,CSK won by 6 wickets,CSK,0,6,3,Ruturaj Gaikwad,Ruturaj Gaikwad,61,Shivam Dube,3/12,51,4
1,2025-04-18,League,Wankhede Stadium,MI,CSK,1,10.1,Tim David,Tushar Deshpande,0,0,,,,,,,,5001,2025-04-18,Wankhede Stadium,MI,CSK,League,MI,bat,124,9,125,4,CSK won by 6 wickets,CSK,0,6,3,Ruturaj Gaikwad,Ruturaj Gaikwad,61,Shivam Dube,3/12,51,4
1,2025-04-18,League,Wankhede Stadium,MI,CSK,1,10.2,Tim David,Tushar Deshpande,0,0,,,,,,,,5001,2025-04-18,Wankhede Stadium,MI,CSK,League,MI,bat,124,9,125,4,CSK won by 6 wickets,CSK,0,6,3,Ruturaj Gaikwad,Ruturaj Gaikwad,61,Shivam Dube,3/12,51,4
1,2025-04-18,League,Wankhede Stadium,MI,CSK,1,10.3,Tim David,Tushar Deshpande,0,0,,,,,,,,5001,2025-04-18,Wankhede Stadium,MI,CSK,League,MI,bat,124,9,125,4,CSK won by 6 wickets,CSK,0,6,3,Ruturaj Gaikwad,Ruturaj Gaikwad,61,Shivam Dube,3/12,51,4
1,2025-04-18,League,Wankhede Stadium,MI,CSK,1,10.4,Tim David,Tushar Deshpande,0,0,,,,,,,,5001,2025-04-18,Wankhede Stadium,MI,CSK,League,MI,bat,124,9,125,4,CSK won by 6 wickets,CSK,0,6,3,Ruturaj Gaikwad,Ruturaj Gaikwad,61,Shivam Dube,3/12,51,4
1,2025-04-18,League,Wankhede Stadium,MI,CSK,1,10.5,Tim David,Tushar Deshpande,1,0,,,,,,,,5001,2025-04-18,Wankhede Stadium,MI,CSK,League,MI,bat,124,9,125,4,CSK won by 6 wickets,CSK,0,6,3,Ruturaj Gaikwad,Ruturaj Gaikwad,61,Shivam Dube,3/12,52,4
1,2025-04-18,League,Wankhede Stadium,MI,CSK,1,10.6,Rohit Sharma,Tushar Deshpande,0,0,,,,,,,,5001,2025-04-18,Wankhede Stadium,MI,CSK,League,MI,bat,124,9,125,4,CSK won by 6 wickets,CSK,0,6,3,Ruturaj Gaikwad,Ruturaj Gaikwad,61,Shivam Dube,3/12,52,4
1,2025-04-18,League,Wankhede Stadium,MI,CSK,1,11.1,Tim David,Shivam Dube,0,0,,,,,,,,5001,2025-04-18,Wankhede Stadium,MI,CSK,League,MI,bat,124,9,125,4,CSK won by 6 wickets,CSK,0,6,3,Ruturaj Gaikwad,Ruturaj Gaikwad,61,Shivam Dube,3/12,52,4
1,2025-04-18,League,Wankhede Stadium,MI,CSK,1,11.2,Tim David,Shivam Dube,0,0,,,,,,,,5001,2025-04-18,Wankhede Stadium,MI,CSK,League,MI,bat,124,9,125,4,CSK won by 6 wickets,CSK,0,6,3,Ruturaj Gaikwad,Ruturaj Gaikwad,61,Shivam Dube,3/12,52,4
1,2025-04-18,League,Wankhede Stadium,MI,CSK,1,11.3,Tim David,Shivam Dube,0,0,,,,,,,,5001,2025-04-18,Wankhede Stadium,MI,CSK,League,MI,bat,124,9,125,4,CSK won by 6 wickets,CSK,0,6,3,Ruturaj Gaikwad,Ruturaj Gaikwad,61,Shivam Dube,3/12,52,4
1,2025-04-18,League,Wankhede Stadium,MI,CSK,1,11.4,Tim David,Shivam Dube,0,0,,,,,,,,5001,2025-04-18,Wankhede Stadium,MI,CSK,League,MI,bat,124,9,125,4,CSK won by 6 wickets,CSK,0,6,3,Ruturaj Gaikwad,Ruturaj Gaikwad,61,Shivam Dube,3/12,52,4
1,2025-04-18,League,Wankhede Stadium,MI,CSK,1,11.5,Tim David,Shivam Dube,0,0,,,,,,,,5001,2025-04-18,Wankhede Stadium,MI,CSK,League,MI,bat,124,9,125,4,CSK won by 6 wickets,CSK,0,6,3,Ruturaj Gaikwad,Ruturaj Gaikwad,61,Shivam Dube,3/12,52,4
1,2025-04-18,League,Wankhede Stadium,MI,CSK,1,11.6,Tim David,Shivam Dube,1,0,,,,,bowled,Tim David,,5001,2025-04-18,Wankhede Stadium,MI,CSK,League,MI,bat,124,9,125,4,CSK won by 6 wickets,CSK,0,6,3,Ruturaj Gaikwad,Ruturaj Gaikwad,61,Shivam Dube,3/12,53,5
1,2025-04-18,League,Wankhede Stadium,MI,CSK,1,12.1,Rohit Sharma,Ravindra Jadeja,1,0,,,,,,,,5001,2025-04-18,Wankhede Stadium,MI,CSK,League,MI,bat,124,9,125,4,CSK won by 6 wickets,CSK,0,6,3,Ruturaj Gaikwad,Ruturaj Gaikwad,61,Shivam Dube,3/12,54,5
1,2025-04-18,League,Wankhede Stadium,MI,CSK,1,12.2,Nehal Wadhera,Ravindra Jadeja,1,0,,,,,,,,5001,2025-04-18,Wankhede Stadium,MI,CSK,League,MI,bat,124,9,125,4,CSK won by 6 wickets,CSK,0,6,3,Ruturaj Gaikwad,Ruturaj Gaikwad,61,Shivam Dube,3/12,55,5
1,2025-04-18,League,Wankhede Stadium,MI,CSK,1,12.3,Rohit Sharma,Ravindra Jadeja,0,0,,,,,,,,5001,2025-04-18,Wankhede Stadium,MI,CSK,League,MI,bat,124,9,125,4,CSK won by 6 wickets,CSK,0,6,3,Ruturaj Gaikwad,Ruturaj Gaikwad,61,Shivam Dube,3/12,55,5
1,2025-04-18,League,Wankhede Stadium,MI,CSK,1,12.4,Rohit Sharma,Ravindra Jadeja,4,0,,,,,,,,5001,2025-04-18,Wankhede Stadium,MI,CSK,League,MI,bat,124,9,125,4,CSK won by 6 wickets,CSK,0,6,3,Ruturaj Gaikwad,Ruturaj Gaikwad,61,Shivam Dube,3/12,59,5
1,2025-04-18,League,Wankhede Stadium,MI,CSK,1,12.5,Rohit Sharma,Ravindra Jadeja,0,1,1,,,,,,,5001,2025-04-18,Wankhede Stadium,MI,CSK,League,MI,bat,124,9,125,4,CSK won by 6 wickets,CSK,0,6,3,Ruturaj Gaikwad,Ruturaj Gaikwad,61,Shivam Dube,3/12,60,5
1,2025-04-18,League,Wankhede Stadium,MI,CSK,1,12.5,Rohit Sharma,Ravindra Jadeja,0,0,,,,,,,,5001,2025-04-18,Wankhede Stadium,MI,CSK,League,MI,bat,124,9,125,4,CSK won by 6 wickets,CSK,0,6,3,Ruturaj Gaikwad,Ruturaj Gaikwad,61,Shivam Dube,3/12,60,5
1,2025-04-18,League,Wankhede Stadium,MI,CSK,1,12.6,Rohit Sharma,Ravindra Jadeja,4,0,,,,,,,,5001,2025-04-18,Wankhede Stadium,MI,CSK,League,MI,bat,124,9,125,4,CSK won by 6 wickets,CSK,0,6,3,Ruturaj Gaikwad,Ruturaj Gaikwad,61,Shivam Dube,3/12,64,5
1,2025-04-18,League,Wankhede Stadium,MI,CSK,1,13.1,Nehal Wadhera,Matheesha Pathirana,0,0,,,,,,,,5001,2025-04-18,Wankhede Stadium,MI,CSK,League,MI,bat,124,9,125,4,CSK won by 6 wickets,CSK,0,6,3,Ruturaj Gaikwad,Ruturaj Gaikwad,61,Shivam Dube,3/12,64,5
1,2025-04-18,League,Wankhede Stadium,MI,CSK,1,13.2,Nehal Wadhera,Matheesha Pathirana,2,0,,,,,,,,5001,2025-04-18,Wankhede Stadium,MI,CSK,League,MI,bat,124,9,125,4,CSK won by 6 wickets,CSK,0,6,3,Ruturaj Gaikwad,Ruturaj Gaikwad,61,Shivam Dube,3/12,66,5
1,2025-04-18,League,Wankhede Stadium,MI,CSK,1,13.3,Nehal Wadhera,Matheesha Pathirana,1,0,,,,,,,,5001,2025-04-18,Wankhede Stadium,MI,CSK,League,MI,bat,124,9,125,4,CSK won by 6 wickets,CSK,0,6,3,Ruturaj Gaikwad,Ruturaj Gaikwad,61,Shivam Dube,3/12,67,5
1,2025-04-18,League,Wankhede Stadium,MI,CSK,1,13.4,Rohit Sharma,Matheesha Pathirana,4,0,,,,,,,,5001,2025-04-18,Wankhede Stadium,MI,CSK,League,MI,bat,124,9,125,4,CSK won by 6 wickets,CSK,0,6,3,Ruturaj Gaikwad,Ruturaj Gaikwad,61,Shivam Dube,3/12,71,5
1,2025-04-18,League,Wankhede Stadium,MI,CSK,1,13.5,Rohit Sharma,Matheesha Pathirana,1,0,,,,,,,,5001,2025-04-18,Wankhede Stadium,MI,CSK,League,MI,bat,124,9,125,4,CSK won by 6 wickets,CSK,0,6,3,Ruturaj Gaikwad,Ruturaj Gaikwad,61,Shivam Dube,3/12,72,5
1,2025-04-18,League,Wankhede Stadium,MI,CSK,1,13.6,Nehal Wadhera,Matheesha Pathirana,0,0,,,,,,,,5001,2025-04-18,Wankhede Stadium,MI,CSK,League,MI,bat,124,9,125,4,CSK won by 6 wickets,CSK,0,6,3,Ruturaj Gaikwad,Ruturaj Gaikwad,61,Shivam Dube,3/12,72,5
1,2025-04-18,League,Wankhede Stadium,MI,CSK,1,14.1,Rohit Sharma,Ravindra Jadeja,0,0,,,,,,,,5001,2025-04-18,Wankhede Stadium,MI,CSK,League,MI,bat,124,9,125,4,CSK won by 6 wickets,CSK,0,6,3,Ruturaj Gaikwad,Ruturaj Gaikwad,61,Shivam Dube,3/12,72,5
1,2025-04-18,League,Wankhede Stadium,MI,CSK,1,14.2,Rohit Sharma,Ravindra Jadeja,1,0,,,,,,,,5001,2025-04-18,Wankhede Stadium,MI,CSK,League,MI,bat,124,9,125,4,CSK won by 6 wickets,CSK,0,6,3,Ruturaj Gaikwad,Ruturaj Gaikwad,61,Shivam Dube,3/12,73,5
1,2025-04-18,League,Wankhede Stadium,MI,CSK,1,14.3,Nehal Wadhera,Ravindra Jadeja,2,1,,,,1,,,,5001,2025-04-18,Wankhede Stadium,MI,CSK,League,MI,bat,124,9,125,4,CSK won by 6 wickets,CSK,0,6,3,Ruturaj Gaikwad,Ruturaj Gaikwad,61,Shivam Dube,3/12,76,5
1,2025-04-18,League,Wankhede Stadium,MI,CSK,1,14.3,Nehal Wadhera,Ravindra Jadeja,0,0,,,,,,,,5001,2025-04-18,Wankhede Stadium,MI,CSK,League,MI,bat,124,9,125,4,CSK won by 6 wickets,CSK,0,6,3,Ruturaj Gaikwad,Ruturaj Gaikwad,61,Shivam Dube,3/12,76,5
1,2025-04-18,League,Wankhede Stadium,MI,CSK,1,14.4,Nehal Wadhera,Ravindra Jadeja,0,0,,,,,bowled,Nehal Wadhera,,5001,2025-04-18,Wankhede Stadium,MI,CSK,League,MI,bat,124,9,125,4,CSK won by 6 wickets,CSK,0,6,3,Ruturaj Gaikwad,Ruturaj Gaikwad,61,Shivam Dube,3/12,76,6
1,2025-04-18,League,Wankhede Stadium,MI,CSK,1,14.5,Piyush Chawla,Ravindra Jadeja,1,0,,,,,,,,5001,2025-04-18,Wankhede Stadium,MI,CSK,League,MI,bat,124,9,125,4,CSK won by 6 wickets,CSK,0,6,3,Ruturaj Gaikwad,Ruturaj Gaikwad,61,Shivam Dube,3/12,77,6
1,2025-04-18,League,Wankhede Stadium,MI,CSK,1,14.6,Rohit Sharma,Ravindra Jadeja,2,1,,,,1,,,,5001,2025-04-18,Wankhede Stadium,MI,CSK,League,MI,bat,124,9,125,4,CSK won by 6 wickets,CSK,0,6,3,Ruturaj Gaikwad,Ruturaj Gaikwad,61,Shivam Dube,3/12,80,6
1,2025-04-18,League,Wankhede Stadium,MI,CSK,1,14.6,Rohit Sharma,Ravindra Jadeja,0,0,,,,,,,,5001,2025-04-18,Wankhede Stadium,MI,CSK,League,MI,bat,124,9,125,4,CSK won by 6 wickets,CSK,0,6,3,Ruturaj Gaikwad,Ruturaj Gaikwad,61,Shivam Dube,3/12,80,6
1,2025-04-18,League,Wankhede Stadium,MI,CSK,1,15.1,Piyush Chawla,Deepak Chahar,0,0,,,,,,,,5001,2025-04-18,Wankhede Stadium,MI,CSK,League,MI,bat,124,9,125,4,CSK won by 6 wickets,CSK,0,6,3,Ruturaj Gaikwad,Ruturaj Gaikwad,61,Shivam Dube,3/12,80,6
1,2025-04-18,League,Wankhede Stadium,MI,CSK,1,15.2,Piyush Chawla,Deepak Chahar,1,0,,,,,,,,5001,2025-04-18,Wankhede Stadium,MI,CSK,League,MI,bat,124,9,125,4,CSK won by 6 wickets,CSK,0,6,3,Ruturaj Gaikwad,Ruturaj Gaikwad,61,Shivam Dube,3/12,81,6
1,2025-04-18,League,Wankhede Stadium,MI,CSK,1,15.3,Rohit Sharma,Deepak Chahar,1,0,,,,,,,,5001,2025-04-18,Wankhede Stadium,MI,CSK,League,MI,bat,124,9,125,4,CSK won by 6 wickets,CSK,0,6,3,Ruturaj Gaikwad,Ruturaj Gaikwad,61,Shivam Dube,3/12,82,6
1,2025-04-18,League,Wankhede Stadium,MI,CSK,1,15.4,Piyush Chawla,Deepak Chahar,4,0,,,,,,,,5001,2025-04-18,Wankhede Stadium,MI,CSK,League,MI,bat,124,9,125,4,CSK won by 6 wickets,CSK,0,6,3,Ruturaj Gaikwad,Ruturaj Gaikwad,61,Shivam Dube,3/12,86,6
1,2025-04-18,League,Wankhede Stadium,MI,CSK,1,15.5,Piyush Chawla,Deepak Chahar,4,0,,,,,caught and bowled,Piyush Chawla,Deepak Chahar,5001,2025-04-18,Wankhede Stadium,MI,CSK,League,MI,bat,124,9,125,4,CSK won by 6 wickets,CSK,0,6,3,Ruturaj Gaikwad,Ruturaj Gaikwad,61,Shivam Dube,3/12,90,7
1,2025-04-18,League,Wankhede Stadium,MI,CSK,1,15.6,Jasprit Bumrah,Deepak Chahar,1,0,,,,,,,,5001,2025-04-18,Wankhede Stadium,MI,CSK,League,MI,bat,124,9,125,4,CSK won by 6 wickets,CSK,0,6,3,Ruturaj Gaikwad,Ruturaj Gaikwad,61,Shivam Dube,3/12,91,7
1,2025-04-18,League,Wankhede Stadium,MI,CSK,1,16.1,Jasprit Bumrah,Tushar Deshpande,1,0,,,,,,,,5001,2025-04-18,Wankhede Stadium,MI,CSK,League,MI,bat,124,9,125,4,CSK won by 6 wickets,CSK,0,6,3,Ruturaj Gaikwad,Ruturaj Gaikwad,61,Shivam Dube,3/12,92,7
1,2025-04-18,League,Wankhede Stadium,MI,CSK,1,16.2,Rohit Sharma,Tushar Deshpande,3,0,,,,,,,,5001,2025-04-18,Wankhede Stadium,MI,CSK,League,MI,bat,124,9,125,4,CSK won by 6 wickets,CSK,0,6,3,Ruturaj Gaikwad,Ruturaj Gaikwad,61,Shivam Dube,3/12,95,7
1,2025-04-18,League,Wankhede Stadium,MI,CSK,1,16.3,Jasprit Bumrah,Tushar Deshpande,0,0,,,,,,,,5001,2025-04-18,Wankhede Stadium,MI,CSK,League,MI,bat,124,9,125,4,CSK won by 6 wickets,CSK,0,6,3,Ruturaj Gaikwad,Ruturaj Gaikwad,61,Shivam Dube,3/12,95,7
1,2025-04-18,League,Wankhede Stadium,MI,CSK,1,16.4,Jasprit Bumrah,Tushar Deshpande,0,0,,,,,caught,Jasprit Bumrah,Sameer Rizvi,5001,2025-04-18,Wankhede Stadium,MI,CSK,League,MI,bat,124,9,125,4,CSK won by 6 wickets,CSK,0,6,3,Ruturaj Gaikwad,Ruturaj Gaikwad,61,Shivam Dube,3/12,95,8
1,2025-04-18,League,Wankhede Stadium,MI,CSK,1,16.5,Gerald Coetzee,Tushar Deshpande,4,0,,,,,,,,5001,2025-04-18,Wankhede Stadium,MI,CSK,League,MI,bat,124,9,125,4,CSK won by 6 wickets,CSK,0,6,3,Ruturaj Gaikwad,Ruturaj Gaikwad,61,Shivam Dube,3/12,99,8
1,2025-04-18,League,Wankhede Stadium,MI,CSK,1,16.6,Gerald Coetzee,Tushar Deshpande,1,0,,,,,,,,5001,2025-04-18,Wankhede Stadium,MI,CSK,League,MI,bat,124,9,125,4,CSK won by 6 wickets,CSK,0,6,3,Ruturaj Gaikwad,Ruturaj Gaikwad,61,Shivam Dube,3/12,100,8
1,2025-04-18,League,Wankhede Stadium,MI,CSK,1,17.1,Gerald Coetzee,Maheesh Theekshana,0,0,,,,,,,,5001,2025-04-18,Wankhede Stadium,MI,CSK,League,MI,bat,124,9,125,4,CSK won by 6 wickets,CSK,0,6,3,Ruturaj Gaikwad,Ruturaj Gaikwad,61,Shivam Dube,3/12,100,8
1,2025-04-18,League,Wankhede Stadium,MI,CSK,1,17.2,Gerald Coetzee,Maheesh Theekshana,1,0,,,,,,,,5001,2025-04-18,Wankhede Stadium,MI,CSK,League,MI,bat,124,9,125,4,CSK won by 6 wickets,CSK,0,6,3,Ruturaj Gaikwad,Ruturaj Gaikwad,61,Shivam Dube,3/12,101,8
1,2025-04-18,League,Wankhede Stadium,MI,CSK,1,17.3,Rohit Sharma,Maheesh Theekshana,4,1,,,,1,,,,5001,2025-04-18,Wankhede Stadium,MI,CSK,League,MI,bat,124,9,125,4,CSK won by 6 wickets,CSK,0,6,3,Ruturaj Gaikwad,Ruturaj Gaikwad,61,Shivam Dube,3/12,106,8
1,2025-04-18,League,Wankhede Stadium,MI,CSK,1,17.3,Rohit Sharma,Maheesh Theekshana,0,0,,,,,,,,5001,2025-04-18,Wankhede Stadium,MI,CSK,League,MI,bat,124,9,125,4,CSK won by 6 wickets,CSK,0,6,3,Ruturaj Gaikwad,Ruturaj Gaikwad,61,Shivam Dube,3/12,106,8
1,2025-04-18,League,Wankhede Stadium,MI,CSK,1,17.4,Rohit Sharma,Maheesh Theekshana,4,0,,,,,,,,5001,2025-04-18,Wankhede Stadium,MI,CSK,League,MI,bat,124,9,125,4,CSK won by 6 wickets,CSK,0,6,3,Ruturaj Gaikwad,Ruturaj Gaikwad,61,Shivam Dube,3/12,110,8
1,2025-04-18,League,Wankhede Stadium,MI,CSK,1,17.5,Rohit Sharma,Maheesh Theekshana,4,1,,,,1,stumped,Rohit Sharma,Shivam Dube,5001,2025-04-18,Wankhede Stadium,MI,CSK,League,MI,bat,124,9,125,4,CSK won by 6 wickets,CSK,0,6,3,Ruturaj Gaikwad,Ruturaj Gaikwad,61,Shivam Dube,3/12,115,9
1,2025-04-18,League,Wankhede Stadium,MI,CSK,1,17.5,Akash Madhwal,Maheesh Theekshana,0,0,,,,,,,,5001,2025-04-18,Wankhede Stadium,MI,CSK,League,MI,bat,124,9,125,4,CSK won by 6 wickets,CSK,0,6,3,Ruturaj Gaikwad,Ruturaj Gaikwad,61,Shivam Dube,3/12,115,9
1,2025-04-18,League,Wankhede Stadium,MI,CSK,1,17.6,Akash Madhwal,Maheesh Theekshana,0,0,,,,,,,,5001,2025-04-18,Wankhede Stadium,MI,CSK,League,MI,bat,124,9,125,4,CSK won by 6 wickets,CSK,0,6,3,Ruturaj Gaikwad,Ruturaj Gaikwad,61,Shivam Dube,3/12,115,9
1,2025-04-18,League,Wankhede Stadium,MI,CSK,1,18.1,Gerald Coetzee,Ravindra Jadeja,1,0,,,,,,,,5001,2025-04-18,Wankhede Stadium,MI,CSK,League,MI,bat,124,9,125,4,CSK won by 6 wickets,CSK,0,6,3,Ruturaj Gaikwad,Ruturaj Gaikwad,61,Shivam Dube,3/12,116,9
1,2025-04-18,League,Wankhede Stadium,MI,CSK,1,18.2,Akash Madhwal,Ravindra Jadeja,1,0,,,,,,,,5001,2025-04-18,Wankhede Stadium,MI,CSK,League,MI,bat,124,9,125,4,CSK won by 6 wickets,CSK,0,6,3,Ruturaj Gaikwad,Ruturaj Gaikwad,61,Shivam Dube,3/12,117,9
1,2025-04-18,League,Wankhede Stadium,MI,CSK,1,18.3,Gerald Coetzee,Ravindra Jadeja,0,0,,,,,,,,5001,2025-04-18,Wankhede Stadium,MI,CSK,League,MI,bat,124,9,125,4,CSK won by 6 wickets,CSK,0,6,3,Ruturaj Gaikwad,Ruturaj Gaikwad,61,Shivam Dube,3/12,117,9
1,2025-04-18,League,Wankhede Stadium,MI,CSK,1,18.4,Gerald Coetzee,Ravindra Jadeja,1,0,,,,,,,,5001,2025-04-18,Wankhede Stadium,MI,CSK,League,MI,bat,124,9,125,4,CSK won by 6 wickets,CSK,0,6,3,Ruturaj Gaikwad,Ruturaj Gaikwad,61,Shivam Dube,3/12,118,9
1,2025-04-18,League,Wankhede Stadium,MI,CSK,1,18.5,Akash Madhwal,Ravindra Jadeja,0,0,,,,,,,,5001,2025-04-18,Wankhede Stadium,MI,CSK,League,MI,bat,124,9,125,4,CSK won by 6 wickets,CSK,0,6,3,Ruturaj Gaikwad,Ruturaj Gaikwad,61,Shivam Dube,3/12,118,9
1,2025-04-18,League,Wankhede Stadium,MI,CSK,1,18.6,Akash Madhwal,Ravindra Jadeja,1,0,,,,,,,,5001,2025-04-18,Wankhede Stadium,MI,CSK,League,MI,bat,124,9,125,4,CSK won by 6 wickets,CSK,0,6,3,Ruturaj Gaikwad,Ruturaj Gaikwad,61,Shivam Dube,3/12,119,9
1,2025-04-18,League,Wankhede Stadium,MI,CSK,1,19.1,Akash Madhwal,Maheesh Theekshana,0,0,,,,,,,,5001,2025-04-18,Wankhede Stadium,MI,CSK,League,MI,bat,124,9,125,4,CSK won by 6 wickets,CSK,0,6,3,Ruturaj Gaikwad,Ruturaj Gaikwad,61,Shivam Dube,3/12,119,9
1,2025-04-18,League,Wankhede Stadium,MI,CSK,1,19.2,Akash Madhwal,Maheesh Theekshana,1,0,,,,,,,,5001,2025-04-18,Wankhede Stadium,MI,CSK,League,MI,bat,124,9,125,4,CSK won by 6 wickets,CSK,0,6,3,Ruturaj Gaikwad,Ruturaj Gaikwad,61,Shivam Dube,3/12,120,9
1,2025-04-18,League,Wankhede Stadium,MI,CSK,1,19.3,Gerald Coetzee,Maheesh Theekshana,0,0,,,,,,,,5001,2025-04-18,Wankhede Stadium,MI,CSK,League,MI,bat,124,9,125,4,CSK won by 6 wickets,CSK,0,6,3,Ruturaj Gaikwad,Ruturaj Gaikwad,61,Shivam Dube,3/12,120,9
1,2025-04-18,League,Wankhede Stadium,MI,CSK,1,19.4,Gerald Coetzee,Maheesh Theekshana,2,0,,,,,,,,5001,2025-04-18,Wankhede Stadium,MI,CSK,League,MI,bat,124,9,125,4,CSK won by 6 wickets,CSK,0,6,3,Ruturaj Gaikwad,Ruturaj Gaikwad,61,Shivam Dube,3/12,122,9
1,2025-04-18,League,Wankhede Stadium,MI,CSK,1,19.5,Gerald Coetzee,Maheesh Theekshana,0,0,,,,,,,,5001,2025-04-18,Wankhede Stadium,MI,CSK,League,MI,bat,124,9,125,4,CSK won by 6 wickets,CSK,0,6,3,Ruturaj Gaikwad,Ruturaj Gaikwad,61,Shivam Dube,3/12,122,9
1,2025-04-18,League,Wankhede Stadium,MI,CSK,1,19.6,Gerald Coetzee,Maheesh Theekshana,0,1,1,,,,,,,5001,2025-04-18,Wankhede Stadium,MI,CSK,League,MI,bat,124,9,125,4,CSK won by 6 wickets,CSK,0,6,3,Ruturaj Gaikwad,Ruturaj Gaikwad,61,Shivam Dube,3/12,123,9
1,2025-04-18,League,Wankhede Stadium,MI,CSK,1,19.6,Gerald Coetzee,Maheesh Theekshana,1,0,,,,,,,,5001,2025-04-18,Wankhede Stadium,MI,CSK,League,MI,bat,124,9,125,4,CSK won by 6 wickets,CSK,0,6,3,Ruturaj Gaikwad,Ruturaj Gaikwad,61,Shivam Dube,3/12,124,9
1,2025-04-18,League,Wankhede Stadium,CSK,MI,2,0.1,Ruturaj Gaikwad,Tim David,1,0,,,,,,,,5001,2025-04-18,Wankhede Stadium,MI,CSK,League,MI,bat,124,9,125,4,CSK won by 6 wickets,CSK,0,6,3,Ruturaj Gaikwad,Ruturaj Gaikwad,61,Shivam Dube,3/12,1,0
1,2025-04-18,League,Wankhede Stadium,CSK,MI,2,0.2,Devon Conway,Tim David,0,0,,,,,,,,5001,2025-04-18,Wankhede Stadium,MI,CSK,League,MI,bat,124,9,125,4,CSK won by 6 wickets,CSK,0,6,3,Ruturaj Gaikwad,Ruturaj Gaikwad,61,Shivam Dube,3/12,1,0
1,2025-04-18,League,Wankhede Stadium,CSK,MI,2,0.3,Devon Conway,Tim David,4,0,,,,,,,,5001,2025-04-18,Wankhede Stadium,MI,CSK,League,MI,bat,124,9,125,4,CSK won by 6 wickets,CSK,0,6,3,Ruturaj Gaikwad,Ruturaj Gaikwad,61,Shivam Dube,3/12,5,0
1,2025-04-18,League,Wankhede Stadium,CSK,MI,2,0.4,Devon Conway,Tim David,0,0,,,,,,,,5001,2025-04-18,Wankhede Stadium,MI,CSK,League,MI,bat,124,9,125,4,CSK won by 6 wickets,CSK,0,6,3,Ruturaj Gaikwad,Ruturaj Gaikwad,61,Shivam Dube,3/12,5,0
1,2025-04-18,League,Wankhede Stadium,CSK,MI,2,0.5,Devon Conway,Tim David,0,0,,,,,,,,5001,2025-04-18,Wankhede Stadium,MI,CSK,League,MI,bat,124,9,125,4,CSK won by 6 wickets,CSK,0,6,3,Ruturaj Gaikwad,Ruturaj Gaikwad,61,Shivam Dube,3/12,5,0
1,2025-04-18,League,Wankhede Stadium,CSK,MI,2,0.6,Devon Conway,Tim David,0,0,,,,,,,,5001,2025-04-18,Wankhede Stadium,MI,CSK,League,MI,bat,124,9,125,4,CSK won by 6 wickets,CSK,0,6,3,Ruturaj Gaikwad,Ruturaj Gaikwad,61,Shivam Dube,3/12,5,0
1,2025-04-18,League,Wankhede Stadium,CSK,MI,2,1.1,Ruturaj Gaikwad,Hardik Pandya,6,0,,,,,,,,5001,2025-04-18,Wankhede Stadium,MI,CSK,League,MI,bat,124,9,125,4,CSK won by 6 wickets,CSK,0,6,3,Ruturaj Gaikwad,Ruturaj Gaikwad,61,Shivam Dube,3/12,11,0
1,2025-04-18,League,Wankhede Stadium,CSK,MI,2,1.2,Ruturaj Gaikwad,Hardik Pandya,4,0,,,,,,,,5001,2025-04-18,Wankhede Stadium,MI,CSK,League,MI,bat,124,9,125,4,CSK won by 6 wickets,CSK,0,6,3,Ruturaj Gaikwad,Ruturaj Gaikwad,61,Shivam Dube,3/12,15,0
1,2025-04-18,League,Wankhede Stadium,CSK,MI,2,1.3,Ruturaj Gaikwad,Hardik Pandya,0,0,,,,,,,,5001,2025-04-18,Wankhede Stadium,MI,CSK,League,MI,bat,124,9,125,4,CSK won by 6 wickets,CSK,0,6,3,Ruturaj Gaikwad,Ruturaj Gaikwad,61,Shivam Dube,3/12,15,0
1,2025-04-18,League,Wankhede Stadium,CSK,MI,2,1.4,Ruturaj Gaikwad,Hardik Pandya,4,0,,,,,,,,5001,2025-04-18,Wankhede Stadium,MI,CSK,League,MI,bat,124,9,125,4,CSK won by 6 wickets,CSK,0,6,3,Ruturaj Gaikwad,Ruturaj Gaikwad,61,Shivam Dube,3/12,19,0
1,2025-04-18,League,Wankhede Stadium,CSK,MI,2,1.5,Ruturaj Gaikwad,Hardik Pandya,0,0,,,,,,,,5001,2025-04-18,Wankhede Stadium,MI,CSK,League,MI,bat,124,9,125,4,CSK won by 6 wickets,CSK,0,6,3,Ruturaj Gaikwad,Ruturaj Gaikwad,61,Shivam Dube,3/12,19,0
1,2025-04-18,League,Wankhede Stadium,CSK,MI,2,1.6,Ruturaj Gaikwad,Hardik Pandya,1,0,,,,,,,,5001,2025-04-18,Wankhede Stadium,MI,CSK,League,MI,bat,124,9,125,4,CSK won by 6 wickets,CSK,0,6,3,Ruturaj Gaikwad,Ruturaj Gaikwad,61,Shivam Dube,3/12,20,0
1,2025-04-18,League,Wankhede Stadium,CSK,MI,2,2.1,Ruturaj Gaikwad,Gerald Coetzee,0,0,,,,,,,,5001,2025-04-18,Wankhede Stadium,MI,CSK,League,MI,bat,124,9,125,4,CSK won by 6 wickets,CSK,0,6,3,Ruturaj Gaikwad,Ruturaj Gaikwad,61,Shivam Dube,3/12,20,0
1,2025-04-18,League,Wankhede Stadium,CSK,MI,2,2.2,Ruturaj Gaikwad,Gerald Coetzee,0,0,,,,,,,,5001,2025-04-18,Wankhede Stadium,MI,CSK,League,MI,bat,124,9,125,4,CSK won by 6 wickets,CSK,0,6,3,Ruturaj Gaikwad,Ruturaj Gaikwad,61,Shivam Dube,3/12,20,0
1,2025-04-18,League,Wankhede Stadium,CSK,MI,2,2.3,Ruturaj Gaikwad,Gerald Coetzee,0,0,,,,,,,,5001,2025-04-18,Wankhede Stadium,MI,CSK,League,MI,bat,124,9,125,4,CSK won by 6 wickets,CSK,0,6,3,Ruturaj Gaikwad,Ruturaj Gaikwad,61,Shivam Dube,3/12,20,0
1,2025-04-18,League,Wankhede Stadium,CSK,MI,2,2.4,Ruturaj Gaikwad,Gerald Coetzee,0,0,,,,,,,,5001,2025-04-18,Wankhede Stadium,MI,CSK,League,MI,bat,124,9,125,4,CSK won by 6 wickets,CSK,0,6,3,Ruturaj Gaikwad,Ruturaj Gaikwad,61,Shivam Dube,3/12,20,0
1,2025-04-18,League,Wankhede Stadium,CSK,MI,2,2.5,Ruturaj Gaikwad,Gerald Coetzee,0,0,,,,,,,,5001,2025-04-18,Wankhede Stadium,MI,CSK,League,MI,bat,124,9,125,4,CSK won by 6 wickets,CSK,0,6,3,Ruturaj Gaikwad,Ruturaj Gaikwad,61,Shivam Dube,3/12,20,0
1,2025-04-18,League,Wankhede Stadium,CSK,MI,2,2.6,Ruturaj Gaikwad,Gerald Coetzee,4,0,,,,,,,,5001,2025-04-18,Wankhede Stadium,MI,CSK,League,MI,bat,124,9,125,4,CSK won by 6 wickets,CSK,0,6,3,Ruturaj Gaikwad,Ruturaj Gaikwad,61,Shivam Dube,3/12,24,0
1,2025-04-18,League,Wankhede Stadium,CSK,MI,2,3.1,Devon Conway,Jasprit Bumrah,1,0,,,,,,,,5001,2025-04-18,Wankhede Stadium,MI,CSK,League,MI,bat,124,9,125,4,CSK won by 6 wickets,CSK,0,6,3,Ruturaj Gaikwad,Ruturaj Gaikwad,61,Shivam Dube,3/12,25,0
1,2025-04-18,League,Wankhede Stadium,CSK,MI,2,3.2,Ruturaj Gaikwad,Jasprit Bumrah,0,1,1,,,,,,,5001,2025-04-18,Wankhede Stadium,MI,CSK,League,MI,bat,124,9,125,4,CSK won by 6 wickets,CSK,0,6,3,Ruturaj Gaikwad,Ruturaj Gaikwad,61,Shivam Dube,3/12,26,0
1,2025-04-18,League,Wankhede Stadium,CSK,MI,2,3.2,Ruturaj Gaikwad,Jasprit Bumrah,4,0,,,,,,,,5001,2025-04-18,Wankhede Stadium,MI,CSK,League,MI,bat,124,9,125,4,CSK won by 6 wickets,CSK,0,6,3,Ruturaj Gaikwad,Ruturaj Gaikwad,61,Shivam Dube,3/12,30,0
1,2025-04-18,League,Wankhede Stadium,CSK,MI,2,3.3,Ruturaj Gaikwad,Jasprit Bumrah,1,0,,,,,,,,5001,2025-04-18,Wankhede Stadium,MI,CSK,League,MI,bat,124,9,125,4,CSK won by 6 wickets,CSK,0,6,3,Ruturaj Gaikwad,Ruturaj Gaikwad,61,Shivam Dube,3/12,31,0
1,2025-04-18,League,Wankhede Stadium,CSK,MI,2,3.4,Devon Conway,Jasprit Bumrah,0,0,,,,,,,,5001,2025-04-18,Wankhede Stadium,MI,CSK,League,MI,bat,124,9,125,4,CSK won by 6 wickets,CSK,0,6,3,Ruturaj Gaikwad,Ruturaj Gaikwad,61,Shivam Dube,3/12,31,0
1,2025-04-18,League,Wankhede Stadium,CSK,MI,2,3.5,Devon Conway,Jasprit Bumrah,0,0,,,,,,,,5001,2025-04-18,Wankhede Stadium,MI,CSK,League,MI,bat,124,9,125,4,CSK won by 6 wickets,CSK,0,6,3,Ruturaj Gaikwad,Ruturaj Gaikwad,61,Shivam Dube,3/12,31,0
1,2025-04-18,League,Wankhede Stadium,CSK,MI,2,3.6,Devon Conway,Jasprit Bumrah,1,0,,,,,,,,5001,2025-04-18,Wankhede Stadium,MI,CSK,League,MI,bat,124,9,125,4,CSK won by 6 wickets,CSK,0,6,3,Ruturaj Gaikwad,Ruturaj Gaikwad,61,Shivam Dube,3/12,32,0
1,2025-04-18,League,Wankhede Stadium,CSK,MI,2,4.1,Devon Conway,Akash Madhwal,0,0,,,,,,,,5001,2025-04-18,Wankhede Stadium,MI,CSK,League,MI,bat,124,9,125,4,CSK won by 6 wickets,CSK,0,6,3,Ruturaj Gaikwad,Ruturaj Gaikwad,61,Shivam Dube,3/12,32,0
1,2025-04-18,League,Wankhede Stadium,CSK,MI,2,4.2,Devon Conway,Akash Madhwal,1,0,,,,,,,,5001,2025-04-18,Wankhede Stadium,MI,CSK,League,MI,bat,124,9,125,4,CSK won by 6 wickets,CSK,0,6,3,Ruturaj Gaikwad,Ruturaj Gaikwad,61,Shivam Dube,3/12,33,0
1,2025-04-18,League,Wankhede Stadium,CSK,MI,2,4.3,Ruturaj Gaikwad,Akash Madhwal,4,0,,,,,,,,5001,2025-04-18,Wankhede Stadium,MI,CSK,League,MI,bat,124,9,125,4,CSK won by 6 wickets,CSK,0,6,3,Ruturaj Gaikwad,Ruturaj Gaikwad,61,Shivam Dube,3/12,37,0
1,2025-04-18,League,Wankhede Stadium,CSK,MI,2,4.4,Ruturaj Gaikwad,Akash Madhwal,0,0,,,,,,,,5001,2025-04-18,Wankhede Stadium,MI,CSK,League,MI,bat,124,9,125,4,CSK won by 6 wickets,CSK,0,6,3,Ruturaj Gaikwad,Ruturaj Gaikwad,61,Shivam Dube,3/12,37,0
1,2025-04-18,League,Wankhede Stadium,CSK,MI,2,4.5,Ruturaj Gaikwad,Akash Madhwal,4,0,,,,,,,,5001,2025-04-18,Wankhede Stadium,MI,CSK,League,MI,bat,124,9,125,4,CSK won by 6 wickets,CSK,0,6,3,Ruturaj Gaikwad,Ruturaj Gaikwad,61,Shivam Dube,3/12,41,0
1,2025-04-18,League,Wankhede Stadium,CSK,MI,2,4.6,Ruturaj Gaikwad,Akash Madhwal,0,0,,,,,,,,5001,2025-04-18,Wankhede Stadium,MI,CSK,League,MI,bat,124,9,125,4,CSK won by 6 wickets,CSK,0,6,3,Ruturaj Gaikwad,Ruturaj Gaikwad,61,Shivam Dube,3/12,41,0
1,2025-04-18,League,Wankhede Stadium,CSK,MI,2,5.1,Devon Conway,Piyush Chawla,0,1,1,,,,,,,5001,2025-04-18,Wankhede Stadium,MI,CSK,League,MI,bat,124,9,125,4,CSK won by 6 wickets,CSK,0,6,3,Ruturaj Gaikwad,Ruturaj Gaikwad,61,Shivam Dube,3/12,42,0
1,2025-04-18,League,Wankhede Stadium,CSK,MI,2,5.1,Devon Conway,Piyush Chawla,1,0,,,,,,,,5001,2025-04-18,Wankhede Stadium,MI,CSK,League,MI,bat,124,9,125,4,CSK won by 6 wickets,CSK,0,6,3,Ruturaj Gaikwad,Ruturaj Gaikwad,61,Shivam Dube,3/12,43,0
1,2025-04-18,League,Wankhede Stadium,CSK,MI,2,5.2,Ruturaj Gaikwad,Piyush Chawla,1,0,,,,,,,,5001,2025-04-18,Wankhede Stadium,MI,CSK,League,MI,bat,124,9,125,4,CSK won by 6 wickets,CSK,0,6,3,Ruturaj Gaikwad,Ruturaj Gaikwad,61,Shivam Dube,3/12,44,0
1,2025-04-18,League,Wankhede Stadium,CSK,MI,2,5.3,Devon Conway,Piyush Chawla,0,0,,,,,,,,5001,2025-04-18,Wankhede Stadium,MI,CSK,League,MI,bat,124,9,125,4,CSK won by 6 wickets,CSK,0,6,3,Ruturaj Gaikwad,Ruturaj Gaikwad,61,Shivam Dube,3/12,44,0
1,2025-04-18,League,Wankhede Stadium,CSK,MI,2,5.4,Devon Conway,Piyush Chawla,1,0,,,,,,,,5001,2025-04-18,Wankhede Stadium,MI,CSK,League,MI,bat,124,9,125,4,CSK won by 6 wickets,CSK,0,6,3,Ruturaj Gaikwad,Ruturaj Gaikwad,61,Shivam Dube,3/12,45,0
1,2025-04-18,League,Wankhede Stadium,CSK,MI,2,5.5,Ruturaj Gaikwad,Piyush Chawla,1,0,,,,,,,,5001,2025-04-18,Wankhede Stadium,MI,CSK,League,MI,bat,124,9,125,4,CSK won by 6 wickets,CSK,0,6,3,Ruturaj Gaikwad,Ruturaj Gaikwad,61,Shivam Dube,3/12,46,0
1,2025-04-18,League,Wankhede Stadium,CSK,MI,2,5.6,Devon Conway,Piyush Chawla,1,0,,,,,,,,5001,2025-04-18,Wankhede Stadium,MI,CSK,League,MI,bat,124,9,125,4,CSK won by 6 wickets,CSK,0,6,3,Ruturaj Gaikwad,Ruturaj Gaikwad,61,Shivam Dube,3/12,47,0
1,2025-04-18,League,Wankhede Stadium,CSK,MI,2,6.1,Devon Conway,Jasprit Bumrah,0,0,,,,,,,,5001,2025-04-18,Wankhede Stadium,MI,CSK,League,MI,bat,124,9,125,4,CSK won by 6 wickets,CSK,0,6,3,Ruturaj Gaikwad,Ruturaj Gaikwad,61,Shivam Dube,3/12,47,0
1,2025-04-18,League,Wankhede Stadium,CSK,MI,2,6.2,Devon Conway,Jasprit Bumrah,4,0,,,,,,,,5001,2025-04-18,Wankhede Stadium,MI,CSK,League,MI,bat,124,9,125,4,CSK won by 6 wickets,CSK,0,6,3,Ruturaj Gaikwad,Ruturaj Gaikwad,61,Shivam Dube,3/12,51,0
1,2025-04-18,League,Wankhede Stadium,CSK,MI,2,6.3,Devon Conway,Jasprit Bumrah,0,0,,,,,,,,5001,2025-04-18,Wankhede Stadium,MI,CSK,League,MI,bat,124,9,125,4,CSK won by 6 wickets,CSK,0,6,3,Ruturaj Gaikwad,Ruturaj Gaikwad,61,Shivam Dube,3/12,51,0
1,2025-04-18,League,Wankhede Stadium,CSK,MI,2,6.4,Devon Conway,Jasprit Bumrah,1,0,,,,,,,,5001,2025-04-18,Wankhede Stadium,MI,CSK,League,MI,bat,124,9,125,4,CSK won by 6 wickets,CSK,0,6,3,Ruturaj Gaikwad,Ruturaj Gaikwad,61,Shivam Dube,3/12,52,0
1,2025-04-18,League,Wankhede Stadium,CSK,MI,2,6.5,Ruturaj Gaikwad,Jasprit Bumrah,1,0,,,,,,,,5001,2025-04-18,Wankhede Stadium,MI,CSK,League,MI,bat,124,9,125,4,CSK won by 6 wickets,CSK,0,6,3,Ruturaj Gaikwad,Ruturaj Gaikwad,61,Shivam Dube,3/12,53,0
1,2025-04-18,League,Wankhede Stadium,CSK,MI,2,6.6,Devon Conway,Jasprit Bumrah,2,0,,,,,,,,5001,2025-04-18,Wankhede Stadium,MI,CSK,League,MI,bat,124,9,125,4,CSK won by 6 wickets,CSK,0,6,3,Ruturaj Gaikwad,Ruturaj Gaikwad,61,Shivam Dube,3/12,55,0
1,2025-04-18,League,Wankhede Stadium,CSK,MI,2,7.1,Ruturaj Gaikwad,Tim David,0,0,,,,,,,,5001,2025-04-18,Wankhede Stadium,MI,CSK,League,MI,bat,124,9,125,4,CSK won by 6 wickets,CSK,0,6,3,Ruturaj Gaikwad,Ruturaj Gaikwad,61,Shivam Dube,3/12,55,0
1,2025-04-18,League,Wankhede Stadium,CSK,MI,2,7.2,Ruturaj Gaikwad,Tim David,0,0,,,,,,,,5001,2025-04-18,Wankhede Stadium,MI,CSK,League,MI,bat,124,9,125,4,CSK won by 6 wickets,CSK,0,6,3,Ruturaj Gaikwad,Ruturaj Gaikwad,61,Shivam Dube,3/12,55,0
1,2025-04-18,League,Wankhede Stadium,CSK,MI,2,7.3,Ruturaj Gaikwad,Tim David,2,0,,,,,,,,5001,2025-04-18,Wankhede Stadium,MI,CSK,League,MI,bat,124,9,125,4,CSK won by 6 wickets,CSK,0,6,3,Ruturaj Gaikwad,Ruturaj Gaikwad,61,Shivam Dube,3/12,57,0
1,2025-04-18,League,Wankhede Stadium,CSK,MI,2,7.4,Ruturaj Gaikwad,Tim David,1,0,,,,,,,,5001,2025-04-18,Wankhede Stadium,MI,CSK,League,MI,bat,124,9,125,4,CSK won by 6 wickets,CSK,0,6,3,Ruturaj Gaikwad,Ruturaj Gaikwad,61,Shivam Dube,3/12,58,0
1,2025-04-18,League,Wankhede Stadium,CSK,MI,2,7.5,Devon Conway,Tim David,0,0,,,,,,,,5001,2025-04-18,Wankhede Stadium,MI,CSK,League,MI,bat,124,9,125,4,CSK won by 6 wickets,CSK,0,6,3,Ruturaj Gaikwad,Ruturaj Gaikwad,61,Shivam Dube,3/12,58,0
1,2025-04-18,League,Wankhede Stadium,CSK,MI,2,7.6,Devon Conway,Tim David,0,0,,,,,,,,5001,2025-04-18,Wankhede Stadium,MI,CSK,League,MI,bat,124,9,125,4,CSK won by 6 wickets,CSK,0,6,3,Ruturaj Gaikwad,Ruturaj Gaikwad,61,Shivam Dube,3/12,58,0
1,2025-04-18,League,Wankhede Stadium,CSK,MI,2,8.1,Ruturaj Gaikwad,Piyush Chawla,0,0,,,,,,,,5001,2025-04-18,Wankhede Stadium,MI,CSK,League,MI,bat,124,9,125,4,CSK won by 6 wickets,CSK,0,6,3,Ruturaj Gaikwad,Ruturaj Gaikwad,61,Shivam Dube,3/12,58,0
1,2025-04-18,League,Wankhede Stadium,CSK,MI,2,8.2,Ruturaj Gaikwad,Piyush Chawla,0,0,,,,,,,,5001,2025-04-18,Wankhede Stadium,MI,CSK,League,MI,bat,124,9,125,4,CSK won by 6 wickets,CSK,0,6,3,Ruturaj Gaikwad,Ruturaj Gaikwad,61,Shivam Dube,3/12,58,0
1,2025-04-18,League,Wankhede Stadium,CSK,MI,2,8.3,Ruturaj Gaikwad,Piyush Chawla,0,0,,,,,,,,5001,2025-04-18,Wankhede Stadium,MI,CSK,League,MI,bat,124,9,125,4,CSK won by 6 wickets,CSK,0,6,3,Ruturaj Gaikwad,Ruturaj Gaikwad,61,Shivam Dube,3/12,58,0
1,2025-04-18,League,Wankhede Stadium,CSK,MI,2,8.4,Ruturaj Gaikwad,Piyush Chawla,1,0,,,,,,,,5001,2025-04-18,Wankhede Stadium,MI,CSK,League,MI,bat,124,9,125,4,CSK won by 6 wickets,CSK,0,6,3,Ruturaj Gaikwad,Ruturaj Gaikwad,61,Shivam Dube,3/12,59,0
1,2025-04-18,League,Wankhede Stadium,CSK,MI,2,8.5,Devon Conway,Piyush Chawla,0,0,,,,,,,,5001,2025-04-18,Wankhede Stadium,MI,CSK,League,MI,bat,124,9,125,4,CSK won by 6 wickets,CSK,0,6,3,Ruturaj Gaikwad,Ruturaj Gaikwad,61,Shivam Dube,3/12,59,0
1,2025-04-18,League,Wankhede Stadium,CSK,MI,2,8.6,Devon Conway,Piyush Chawla,0,0,,,,,,,,5001,2025-04-18,Wankhede Stadium,MI,CSK,League,MI,bat,124,9,125,4,CSK won by 6 wickets,CSK,0,6,3,Ruturaj Gaikwad,Ruturaj Gaikwad,61,Shivam Dube,3/12,59,0
1,2025-04-18,League,Wankhede Stadium,CSK,MI,2,9.1,Ruturaj Gaikwad,Akash Madhwal,1,0,,,,,,,,5001,2025-04-18,Wankhede Stadium,MI,CSK,League,MI,bat,124,9,125,4,CSK won by 6 wickets,CSK,0,6,3,Ruturaj Gaikwad,Ruturaj Gaikwad,61,Shivam Dube,3/12,60,0
1,2025-04-18,League,Wankhede Stadium,CSK,MI,2,9.2,Devon Conway,Akash Madhwal,0,1,1,,,,,,,5001,2025-04-18,Wankhede Stadium,MI,CSK,League,MI,bat,124,9,125,4,CSK won by 6 wickets,CSK,0,6,3,Ruturaj Gaikwad,Ruturaj Gaikwad,61,Shivam Dube,3/12,61,0
1,2025-04-18,League,Wankhede Stadium,CSK,MI,2,9.2,Devon Conway,Akash Madhwal,0,0,,,,,,,,5001,2025-04-18,Wankhede Stadium,MI,CSK,League,MI,bat,124,9,125,4,CSK won by 6 wickets,CSK,0,6,3,Ruturaj Gaikwad,Ruturaj Gaikwad,61,Shivam Dube,3/12,61,0
1,2025-04-18,League,Wankhede Stadium,CSK,MI,2,9.3,Devon Conway,Akash Madhwal,1,0,,,,,,,,5001,2025-04-18,Wankhede Stadium,MI,CSK,League,MI,bat,124,9,125,4,CSK won by 6 wickets,CSK,0,6,3,Ruturaj Gaikwad,Ruturaj Gaikwad,61,Shivam Dube,3/12,62,0
1,2025-04-18,League,Wankhede Stadium,CSK,MI,2,9.4,Ruturaj Gaikwad,Akash Madhwal,0,0,,,,,,,,5001,2025-04-18,Wankhede Stadium,MI,CSK,League,MI,bat,124,9,125,4,CSK won by 6 wickets,CSK,0,6,3,Ruturaj Gaikwad,Ruturaj Gaikwad,61,Shivam Dube,3/12,62,0
1,2025-04-18,League,Wankhede Stadium,CSK,MI,2,9.5,Ruturaj Gaikwad,Akash Madhwal,0,0,,,,,,,,5001,2025-04-18,Wankhede Stadium,MI,CSK,League,MI,bat,124,9,125,4,CSK won by 6 wickets,CSK,0,6,3,Ruturaj Gaikwad,Ruturaj Gaikwad,61,Shivam Dube,3/12,62,0
1,2025-04-18,League,Wankhede Stadium,CSK,MI,2,9.6,Ruturaj Gaikwad,Akash Madhwal,0,0,,,,,,,,5001,2025-04-18,Wankhede Stadium,MI,CSK,League,MI,bat,124,9,125,4,CSK won by 6 wickets,CSK,0,6,3,Ruturaj Gaikwad,Ruturaj Gaikwad,61,Shivam Dube,3/12,62,0
1,2025-04-18,League,Wankhede Stadium,CSK,MI,2,10.1,Devon Conway,Tim David,1,0,,,,,,,,5001,2025-04-18,Wankhede Stadium,MI,CSK,League,MI,bat,124,9,125,4,CSK won by 6 wickets,CSK,0,6,3,Ruturaj Gaikwad,Ruturaj Gaikwad,61,Shivam Dube,3/12,63,0
1,2025-04-18,League,Wankhede Stadium,CSK,MI,2,10.2,Ruturaj Gaikwad,Tim David,0,0,,,,,,,,5001,2025-04-18,Wankhede Stadium,MI,CSK,League,MI,bat,124,9,125,4,CSK won by 6 wickets,CSK,0,6,3,Ruturaj Gaikwad,Ruturaj Gaikwad,61,Shivam Dube,3/12,63,0
1,2025-04-18,League,Wankhede Stadium,CSK,MI,2,10.3,Ruturaj Gaikwad,Tim David,0,0,,,,,,,,5001,2025-04-18,Wankhede Stadium,MI,CSK,League,MI,bat,124,9,125,4,CSK won by 6 wickets,CSK,0,6,3,Ruturaj Gaikwad,Ruturaj Gaikwad,61,Shivam Dube,3/12,63,0
1,2025-04-18,League,Wankhede Stadium,CSK,MI,2,10.4,Ruturaj Gaikwad,Tim David,0,0,,,,,,,,5001,2025-04-18,Wankhede Stadium,MI,CSK,League,MI,bat,124,9,125,4,CSK won by 6 wickets,CSK,0,6,3,Ruturaj Gaikwad,Ruturaj Gaikwad,61,Shivam Dube,3/12,63,0
1,2025-04-18,League,Wankhede Stadium,CSK,MI,2,10.5,Ruturaj Gaikwad,Tim David,6,0,,,,,,,,5001,2025-04-18,Wankhede Stadium,MI,CSK,League,MI,bat,124,9,125,4,CSK won by 6 wickets,CSK,0,6,3,Ruturaj Gaikwad,Ruturaj Gaikwad,61,Shivam Dube,3/12,69,0
1,2025-04-18,League,Wankhede Stadium,CSK,MI,2,10.6,Ruturaj Gaikwad,Tim David,0,0,,,,,,,,5001,2025-04-18,Wankhede Stadium,MI,CSK,League,MI,bat,124,9,125,4,CSK won by 6 wickets,CSK,0,6,3,Ruturaj Gaikwad,Ruturaj Gaikwad,61,Shivam Dube,3/12,69,0
1,2025-04-18,League,Wankhede Stadium,CSK,MI,2,11.1,Devon Conway,Gerald Coetzee,0,0,,,,,,,,5001,2025-04-18,Wankhede Stadium,MI,CSK,League,MI,bat,124,9,125,4,CSK won by 6 wickets,CSK,0,6,3,Ruturaj Gaikwad,Ruturaj Gaikwad,61,Shivam Dube,3/12,69,0
1,2025-04-18,League,Wankhede Stadium,CSK,MI,2,11.2,Devon Conway,Gerald Coetzee,0,0,,,,,,,,5001,2025-04-18,Wankhede Stadium,MI,CSK,League,MI,bat,124,9,125,4,CSK won by 6 wickets,CSK,0,6,3,Ruturaj Gaikwad,Ruturaj Gaikwad,61,Shivam Dube,3/12,69,0
1,2025-04-18,League,Wankhede Stadium,CSK,MI,2,11.3,Devon Conway,Gerald Coetzee,4,0,,,,,,,,5001,2025-04-18,Wankhede Stadium,MI,CSK,League,MI,bat,124,9,125,4,CSK won by 6 wickets,CSK,0,6,3,Ruturaj Gaikwad,Ruturaj Gaikwad,61,Shivam Dube,3/12,73,0
1,2025-04-18,League,Wankhede Stadium,CSK,MI,2,11.4,Devon Conway,Gerald Coetzee,0,0,,,,,lbw,Devon Conway,,5001,2025-04-18,Wankhede Stadium,MI,CSK,League,MI,bat,124,9,125,4,CSK won by 6 wickets,CSK,0,6,3,Ruturaj Gaikwad,Ruturaj Gaikwad,61,Shivam Dube,3/12,73,1
1,2025-04-18,League,Wankhede Stadium,CSK,MI,2,11.5,Ajinkya Rahane,Gerald Coetzee,0,0,,,,,,,,5001,2025-04-18,Wankhede Stadium,MI,CSK,League,MI,bat,124,9,125,4,CSK won by 6 wickets,CSK,0,6,3,Ruturaj Gaikwad,Ruturaj Gaikwad,61,Shivam Dube,3/12,73,1
1,2025-04-18,League,Wankhede Stadium,CSK,MI,2,11.6,Ajinkya Rahane,Gerald Coetzee,4,0,,,,,,,,5001,2025-04-18,Wankhede Stadium,MI,CSK,League,MI,bat,124,9,125,4,CSK won by 6 wickets,CSK,0,6,3,Ruturaj Gaikwad,Ruturaj Gaikwad,61,Shivam Dube,3/12,77,1
1,2025-04-18,League,Wankhede Stadium,CSK,MI,2,12.1,Ruturaj Gaikwad,Jasprit Bumrah,0,0,,,,,,,,5001,2025-04-18,Wankhede Stadium,MI,CSK,League,MI,bat,124,9,125,4,CSK won by 6 wickets,CSK,0,6,3,Ruturaj Gaikwad,Ruturaj Gaikwad,61,Shivam Dube,3/12,77,1
1,2025-04-18,League,Wankhede Stadium,CSK,MI,2,12.2,Ruturaj Gaikwad,Jasprit Bumrah,0,0,,,,,,,,5001,2025-04-18,Wankhede Stadium,MI,CSK,League,MI,bat,124,9,125,4,CSK won by 6 wickets,CSK,0,6,3,Ruturaj Gaikwad,Ruturaj Gaikwad,61,Shivam Dube,3/12,77,1
1,2025-04-18,League,Wankhede Stadium,CSK,MI,2,12.3,Ruturaj Gaikwad,Jasprit Bumrah,6,0,,,,,,,,5001,2025-04-18,Wankhede Stadium,MI,CSK,League,MI,bat,124,9,125,4,CSK won by 6 wickets,CSK,0,6,3,Ruturaj Gaikwad,Ruturaj Gaikwad,61,Shivam Dube,3/12,83,1
1,2025-04-18,League,Wankhede Stadium,CSK,MI,2,12.4,Ruturaj Gaikwad,Jasprit Bumrah,1,0,,,,,,,,5001,2025-04-18,Wankhede Stadium,MI,CSK,League,MI,bat,124,9,125,4,CSK won by 6 wickets,CSK,0,6,3,Ruturaj Gaikwad,Ruturaj Gaikwad,61,Shivam Dube,3/12,84,1
1,2025-04-18,League,Wankhede Stadium,CSK,MI,2,12.5,Ajinkya Rahane,Jasprit Bumrah,0,0,,,,,,,,5001,2025-04-18,Wankhede Stadium,MI,CSK,League,MI,bat,124,9,125,4,CSK won by 6 wickets,CSK,0,6,3,Ruturaj Gaikwad,Ruturaj Gaikwad,61,Shivam Dube,3/12,84,1
1,2025-04-18,League,Wankhede Stadium,CSK,MI,2,12.6,Ajinkya Rahane,Jasprit Bumrah,4,0,,,,,,,,5001,2025-04-18,Wankhede Stadium,MI,CSK,League,MI,bat,124,9,125,4,CSK won by 6 wickets,CSK,0,6,3,Ruturaj Gaikwad,Ruturaj Gaikwad,61,Shivam Dube,3/12,88,1
1,2025-04-18,League,Wankhede Stadium,CSK,MI,2,13.1,Ruturaj Gaikwad,Hardik Pandya,0,0,,,,,,,,5001,2025-04-18,Wankhede Stadium,MI,CSK,League,MI,bat,124,9,125,4,CSK won by 6 wickets,CSK,0,6,3,Ruturaj Gaikwad,Ruturaj Gaikwad,61,Shivam Dube,3/12,88,1
1,2025-04-18,League,Wankhede Stadium,CSK,MI,2,13.2,Ruturaj Gaikwad,Hardik Pandya,1,0,,,,,,,,5001,2025-04-18,Wankhede Stadium,MI,CSK,League,MI,bat,124,9,125,4,CSK won by 6 wickets,CSK,0,6,3,Ruturaj Gaikwad,Ruturaj Gaikwad,61,Shivam Dube,3/12,89,1
1,2025-04-18,League,Wankhede Stadium,CSK,MI,2,13.3,Ajinkya Rahane,Hardik Pandya,0,0,,,,,,,,5001,2025-04-18,Wankhede Stadium,MI,CSK,League,MI,bat,124,9,125,4,CSK won by 6 wickets,CSK,0,6,3,Ruturaj Gaikwad,Ruturaj Gaikwad,61,Shivam Dube,3/12,89,1
1,2025-04-18,League,Wankhede Stadium,CSK,MI,2,13.4,Ajinkya Rahane,Hardik Pandya,0,0,,,,,,,,5001,2025-04-18,Wankhede Stadium,MI,CSK,League,MI,bat,124,9,125,4,CSK won by 6 wickets,CSK,0,6,3,Ruturaj Gaikwad,Ruturaj Gaikwad,61,Shivam Dube,3/12,89,1
1,2025-04-18,League,Wankhede Stadium,CSK,MI,2,13.5,Ajinkya Rahane,Hardik Pandya,0,0,,,,,lbw,Ajinkya Rahane,,5001,2025-04-18,Wankhede Stadium,MI,CSK,League,MI,bat,124,9,125,4,CSK won by 6 wickets,CSK,0,6,3,Ruturaj Gaikwad,Ruturaj Gaikwad,61,Shivam Dube,3/12,89,2
1,2025-04-18,League,Wankhede Stadium,CSK,MI,2,13.6,Shivam Dube,Hardik Pandya,1,0,,,,,,,,5001,2025-04-18,Wankhede Stadium,MI,CSK,League,MI,bat,124,9,125,4,CSK won by 6 wickets,CSK,0,6,3,Ruturaj Gaikwad,Ruturaj Gaikwad,61,Shivam Dube,3/12,90,2
1,2025-04-18,League,Wankhede Stadium,CSK,MI,2,14.1,Shivam Dube,Gerald Coetzee,1,0,,,,,,,,5001,2025-04-18,Wankhede Stadium,MI,CSK,League,MI,bat,124,9,125,4,CSK won by 6 wickets,CSK,0,6,3,Ruturaj Gaikwad,Ruturaj Gaikwad,61,Shivam Dube,3/12,91,2
1,2025-04-18,League,Wankhede Stadium,CSK,MI,2,14.2,Ruturaj Gaikwad,Gerald Coetzee,4,0,,,,,,,,5001,2025-04-18,Wankhede Stadium,MI,CSK,League,MI,bat,124,9,125,4,CSK won by 6 wickets,CSK,0,6,3,Ruturaj Gaikwad,Ruturaj Gaikwad,61,Shivam Dube,3/12,95,2
1,2025-04-18,League,Wankhede Stadium,CSK,MI,2,14.3,Ruturaj Gaikwad,Gerald Coetzee,1,0,,,,,,,,5001,2025-04-18,Wankhede Stadium,MI,CSK,League,MI,bat,124,9,125,4,CSK won by 6 wickets,CSK,0,6,3,Ruturaj Gaikwad,Ruturaj Gaikwad,61,Shivam Dube,3/12,96,2
1,2025-04-18,League,Wankhede Stadium,CSK,MI,2,14.4,Shivam Dube,Gerald Coetzee,0,0,,,,,,,,5001,2025-04-18,Wankhede Stadium,MI,CSK,League,MI,bat,124,9,125,4,CSK won by 6 wickets,CSK,0,6,3,Ruturaj Gaikwad,Ruturaj Gaikwad,61,Shivam Dube,3/12,96,2
1,2025-04-18,League,Wankhede Stadium,CSK,MI,2,14.5,Shivam Dube,Gerald Coetzee,1,0,,,,,,,,5001,2025-04-18,Wankhede Stadium,MI,CSK,League,MI,bat,124,9,125,4,CSK won by 6 wickets,CSK,0,6,3,Ruturaj Gaikwad,Ruturaj Gaikwad,61,Shivam Dube,3/12,97,2
1,2025-04-18,League,Wankhede Stadium,CSK,MI,2,14.6,Ruturaj Gaikwad,Gerald Coetzee,0,0,,,,,,,,5001,2025-04-18,Wankhede Stadium,MI,CSK,League,MI,bat,124,9,125,4,CSK won by 6 wickets,CSK,0,6,3,Ruturaj Gaikwad,Ruturaj Gaikwad,61,Shivam Dube,3/12,97,2
1,2025-04-18,League,Wankhede Stadium,CSK,MI,2,15.1,Shivam Dube,Piyush Chawla,0,0,,,,,,,,5001,2025-04-18,Wankhede Stadium,MI,CSK,League,MI,bat,124,9,125,4,CSK won by 6 wickets,CSK,0,6,3,Ruturaj Gaikwad,Ruturaj Gaikwad,61,Shivam Dube,3/12,97,2
1,2025-04-18,League,Wankhede Stadium,CSK,MI,2,15.2,Shivam Dube,Piyush Chawla,0,0,,,,,,,,5001,2025-04-18,Wankhede Stadium,MI,CSK,League,MI,bat,124,9,125,4,CSK won by 6 wickets,CSK,0,6,3,Ruturaj Gaikwad,Ruturaj Gaikwad,61,Shivam Dube,3/12,97,2
1,2025-04-18,League,Wankhede Stadium,CSK,MI,2,15.3,Shivam Dube,Piyush Chawla,0,0,,,,,,,,5001,2025-04-18,Wankhede Stadium,MI,CSK,League,MI,bat,124,9,125,4,CSK won by 6 wickets,CSK,0,6,3,Ruturaj Gaikwad,Ruturaj Gaikwad,61,Shivam Dube,3/12,97,2
1,2025-04-18,League,Wankhede Stadium,CSK,MI,2,15.4,Shivam Dube,Piyush Chawla,2,0,,,,,,,,5001,2025-04-18,Wankhede Stadium,MI,CSK,League,MI,bat,124,9,125,4,CSK won by 6 wickets,CSK,0,6,3,Ruturaj Gaikwad,Ruturaj Gaikwad,61,Shivam Dube,3/12,99,2
1,2025-04-18,League,Wankhede Stadium,CSK,MI,2,15.5,Shivam Dube,Piyush Chawla,6,0,,,,,,,,5001,2025-04-18,Wankhede Stadium,MI,CSK,League,MI,bat,124,9,125,4,CSK won by 6 wickets,CSK,0,6,3,Ruturaj Gaikwad,Ruturaj Gaikwad,61,Shivam Dube,3/12,105,2
1,2025-04-18,League,Wankhede Stadium,CSK,MI,2,15.6,Shivam Dube,Piyush Chawla,0,0,,,,,,,,5001,2025-04-18,Wankhede Stadium,MI,CSK,League,MI,bat,124,9,125,4,CSK won by 6 wickets,CSK,0,6,3,Ruturaj Gaikwad,Ruturaj Gaikwad,61,Shivam Dube,3/12,105,2
1,2025-04-18,League,Wankhede Stadium,CSK,MI,2,16.1,Ruturaj Gaikwad,Hardik Pandya,0,0,,,,,,,,5001,2025-04-18,Wankhede Stadium,MI,CSK,League,MI,bat,124,9,125,4,CSK won by 6 wickets,CSK,0,6,3,Ruturaj Gaikwad,Ruturaj Gaikwad,61,Shivam Dube,3/12,105,2
1,2025-04-18,League,Wankhede Stadium,CSK,MI,2,16.2,Ruturaj Gaikwad,Hardik Pandya,0,0,,,,,,,,5001,2025-04-18,Wankhede Stadium,MI,CSK,League,MI,bat,124,9,125,4,CSK won by 6 wickets,CSK,0,6,3,Ruturaj Gaikwad,Ruturaj Gaikwad,61,Shivam Dube,3/12,105,2
1,2025-04-18,League,Wankhede Stadium,CSK,MI,2,16.3,Ruturaj Gaikwad,Hardik Pandya,0,0,,,,,,,,5001,2025-04-18,Wankhede Stadium,MI,CSK,League,MI,bat,124,9,125,4,CSK won by 6 wickets,CSK,0,6,3,Ruturaj Gaikwad,Ruturaj Gaikwad,61,Shivam Dube,3/12,105,2
1,2025-04-18,League,Wankhede Stadium,CSK,MI,2,16.4,Ruturaj Gaikwad,Hardik Pandya,0,0,,,,,,,,5001,2025-04-18,Wankhede Stadium,MI,CSK,League,MI,bat,124,9,125,4,CSK won by 6 wickets,CSK,0,6,3,Ruturaj Gaikwad,Ruturaj Gaikwad,61,Shivam Dube,3/12,105,2
1,2025-04-18,League,Wankhede Stadium,CSK,MI,2,16.5,Ruturaj Gaikwad,Hardik Pandya,0,0,,,,,,,,5001,2025-04-18,Wankhede Stadium,MI,CSK,League,MI,bat,124,9,125,4,CSK won by 6 wickets,CSK,0,6,3,Ruturaj Gaikwad,Ruturaj Gaikwad,61,Shivam Dube,3/12,105,2
1,2025-04-18,League,Wankhede Stadium,CSK,MI,2,16.6,Ruturaj Gaikwad,Hardik Pandya,1,0,,,,,bowled,Ruturaj Gaikwad,,5001,2025-04-18,Wankhede Stadium,MI,CSK,League,MI,bat,124,9,125,4,CSK won by 6 wickets,CSK,0,6,3,Ruturaj Gaikwad,Ruturaj Gaikwad,61,Shivam Dube,3/12,106,3
1,2025-04-18,League,Wankhede Stadium,CSK,MI,2,17.1,Shivam Dube,Akash Madhwal,0,0,,,,,,,,5001,2025-04-18,Wankhede Stadium,MI,CSK,League,MI,bat,124,9,125,4,CSK won by 6 wickets,CSK,0,6,3,Ruturaj Gaikwad,Ruturaj Gaikwad,61,Shivam Dube,3/12,106,3
1,2025-04-18,League,Wankhede Stadium,CSK,MI,2,17.2,Shivam Dube,Akash Madhwal,2,0,,,,,stumped,Shivam Dube,Piyush Chawla,5001,2025-04-18,Wankhede Stadium,MI,CSK,League,MI,bat,124,9,125,4,CSK won by 6 wickets,CSK,0,6,3,Ruturaj Gaikwad,Ruturaj Gaikwad,61,Shivam Dube,3/12,108,4
1,2025-04-18,League,Wankhede Stadium,CSK,MI,2,17.3,MS Dhoni,Akash Madhwal,0,0,,,,,,,,5001,2025-04-18,Wankhede Stadium,MI,CSK,League,MI,bat,124,9,125,4,CSK won by 6 wickets,CSK,0,6,3,Ruturaj Gaikwad,Ruturaj Gaikwad,61,Shivam Dube,3/12,108,4
1,2025-04-18,League,Wankhede Stadium,CSK,MI,2,17.4,MS Dhoni,Akash Madhwal,1,0,,,,,,,,5001,2025-04-18,Wankhede Stadium,MI,CSK,League,MI,bat,124,9,125,4,CSK won by 6 wickets,CSK,0,6,3,Ruturaj Gaikwad,Ruturaj Gaikwad,61,Shivam Dube,3/12,109,4
1,2025-04-18,League,Wankhede Stadium,CSK,MI,2,17.5,Ravindra Jadeja,Akash Madhwal,0,0,,,,,,,,5001,2025-04-18,Wankhede Stadium,MI,CSK,League,MI,bat,124,9,125,4,CSK won by 6 wickets,CSK,0,6,3,Ruturaj Gaikwad,Ruturaj Gaikwad,61,Shivam Dube,3/12,109,4
1,2025-04-18,League,Wankhede Stadium,CSK,MI,2,17.6,Ravindra Jadeja,Akash Madhwal,1,0,,,,,,,,5001,2025-04-18,Wankhede Stadium,MI,CSK,League,MI,bat,124,9,125,4,CSK won by 6 wickets,CSK,0,6,3,Ruturaj Gaikwad,Ruturaj Gaikwad,61,Shivam Dube,3/12,110,4
1,2025-04-18,League,Wankhede Stadium,CSK,MI,2,18.1,Ravindra Jadeja,Tim David,1,0,,,,,,,,5001,2025-04-18,Wankhede Stadium,MI,CSK,League,MI,bat,124,9,125,4,CSK won by 6 wickets,CSK,0,6,3,Ruturaj Gaikwad,Ruturaj Gaikwad,61,Shivam Dube,3/12,111,4
1,2025-04-18,League,Wankhede Stadium,CSK,MI,2,18.2,MS Dhoni,Tim David,0,2,2,,,,,,,5001,2025-04-18,Wankhede Stadium,MI,CSK,League,MI,bat,124,9,125,4,CSK won by 6 wickets,CSK,0,6,3,Ruturaj Gaikwad,Ruturaj Gaikwad,61,Shivam Dube,3/12,113,4
1,2025-04-18,League,Wankhede Stadium,CSK,MI,2,18.2,MS Dhoni,Tim David,4,0,,,,,,,,5001,2025-04-18,Wankhede Stadium,MI,CSK,League,MI,bat,124,9,125,4,CSK won by 6 wickets,CSK,0,6,3,Ruturaj Gaikwad,Ruturaj Gaikwad,61,Shivam Dube,3/12,117,4
1,2025-04-18,League,Wankhede Stadium,CSK,MI,2,18.3,MS Dhoni,Tim David,2,0,,,,,,,,5001,2025-04-18,Wankhede Stadium,MI,CSK,League,MI,bat,124,9,125,4,CSK won by 6 wickets,CSK,0,6,3,Ruturaj Gaikwad,Ruturaj Gaikwad,61,Shivam Dube,3/12,119,4
1,2025-04-18,League,Wankhede Stadium,CSK,MI,2,18.4,MS Dhoni,Tim David,0,0,,,,,,,,5001,2025-04-18,Wankhede Stadium,MI,CSK,League,MI,bat,124,9,125,4,CSK won by 6 wickets,CSK,0,6,3,Ruturaj Gaikwad,Ruturaj Gaikwad,61,Shivam Dube,3/12,119,4
1,2025-04-18,League,Wankhede Stadium,CSK,MI,2,18.5,MS Dhoni,Tim David,6,0,,,,,,,,5001,2025-04-18,Wankhede Stadium,MI,CSK,League,MI,bat,124,9,125,4,CSK won by 6 wickets,CSK,0,6,3,Ruturaj Gaikwad,Ruturaj Gaikwad,61,Shivam Dube,3/12,125,4
