match_id,date,match_type,event_name,city,venue,team1,team2,toss_winner,toss_decision,winner,winner_runs,winner_wickets,player_of_match,innings,over,ball,batting_team,bowling_team,striker,non_striker,bowler,runs_off_bat,extras,wides,noballs,byes,legbyes,penalty,wicket_type,player_dismissed,fielder,runs,wickets,current_run_rate,required_run_rate,balls_remaining,target,is_boundary,is_dot_ball,is_wicket,partnership_runs,partnership_balls
9001,2025-05-18,T20,Indian Premier League 2025,Mumbai,Wankhede Stadium,MI,CSK,MI,bat,CSK,0,6,Ruturaj Gaikwad,1,0,1,MI,CSK,Rohit Sharma,Ishan Kishan,Shivam Dube,1,0,,,,,,,,,1,0,6.0,,119,,0,0,0,1,1
9001,2025-05-18,T20,Indian Premier League 2025,Mumbai,Wankhede Stadium,MI,CSK,MI,bat,CSK,0,6,Ruturaj Gaikwad,1,0,2,MI,CSK,Ishan Kishan,Rohit Sharma,Shivam Dube,0,0,,,,,,,,,1,0,3.0,,118,,0,1,0,1,2
9001,2025-05-18,T20,Indian Premier League 2025,Mumbai,Wankhede Stadium,MI,CSK,MI,bat,CSK,0,6,Ruturaj Gaikwad,1,0,3,MI,CSK,Ishan Kishan,Rohit Sharma,Shivam Dube,1,0,,,,,,bowled,Ishan Kishan,,2,1,4.0,,117,,0,0,1,1,1
9001,2025-05-18,T20,Indian Premier League 2025,Mumbai,Wankhede Stadium,MI,CSK,MI,bat,CSK,0,6,Ruturaj Gaikwad,1,0,4,MI,CSK,Suryakumar Yadav,Rohit Sharma,Shivam Dube,0,0,,,,,,caught,Suryakumar Yadav,Tushar Deshpande,2,2,3.0,,116,,0,1,1,0,1
9001,2025-05-18,T20,Indian Premier League 2025,Mumbai,Wankhede Stadium,MI,CSK,MI,bat,CSK,0,6,Ruturaj Gaikwad,1,0,5,MI,CSK,Tilak Varma,Rohit Sharma,Shivam Dube,0,0,,,,,,,,,2,2,2.4,,115,,0,1,0,0,2
9001,2025-05-18,T20,Indian Premier League 2025,Mumbai,Wankhede Stadium,MI,CSK,MI,bat,CSK,0,6,Ruturaj Gaikwad,1,0,6,MI,CSK,Tilak Varma,Rohit Sharma,Shivam Dube,1,0,,,,,,,,,3,2,3.0,,114,,0,0,0,1,3
9001,2025-05-18,T20,Indian Premier League 2025,Mumbai,Wankhede Stadium,MI,CSK,MI,bat,CSK,0,6,Ruturaj Gaikwad,1,1,1,MI,CSK,Tilak Varma,Rohit Sharma,Ravindra Jadeja,0,0,,,,,,,,,3,2,2.57,,113,,0,1,0,1,4
9001,2025-05-18,T20,Indian Premier League 2025,Mumbai,Wankhede Stadium,MI,CSK,MI,bat,CSK,0,6,Ruturaj Gaikwad,1,1,2,MI,CSK,Tilak Varma,Rohit Sharma,Ravindra Jadeja,0,0,,,,,,,,,3,2,2.25,,112,,0,1,0,1,5
9001,2025-05-18,T20,Indian Premier League 2025,Mumbai,Wankhede Stadium,MI,CSK,MI,bat,CSK,0,6,Ruturaj Gaikwad,1,1,3,MI,CSK,Tilak Varma,Rohit Sharma,Ravindra Jadeja,1,0,,,,,,,,,4,2,2.67,,111,,0,0,0,2,6
9001,2025-05-18,T20,Indian Premier League 2025,Mumbai,Wankhede Stadium,MI,CSK,MI,bat,CSK,0,6,Ruturaj Gaikwad,1,1,4,MI,CSK,Rohit Sharma,Tilak Varma,Ravindra Jadeja,0,0,,,,,,,,,4,2,2.4,,110,,0,1,0,2,7
9001,2025-05-18,T20,Indian Premier League 2025,Mumbai,Wankhede Stadium,MI,CSK,MI,bat,CSK,0,6,Ruturaj Gaikwad,1,1,5,MI,CSK,Rohit Sharma,Tilak Varma,Ravindra Jadeja,1,0,,,,,,,,,5,2,2.73,,109,,0,0,0,3,8
9001,2025-05-18,T20,Indian Premier League 2025,Mumbai,Wankhede Stadium,MI,CSK,MI,bat,CSK,0,6,Ruturaj Gaikwad,1,1,6,MI,CSK,Tilak Varma,Rohit Sharma,Ravindra Jadeja,4,0,,,,,,,,,9,2,4.5,,108,,1,0,0,7,9
9001,2025-05-18,T20,Indian Premier League 2025,Mumbai,Wankhede Stadium,MI,CSK,MI,bat,CSK,0,6,Ruturaj Gaikwad,1,2,1,MI,CSK,Rohit Sharma,Tilak Varma,Deepak Chahar,1,1,,1,,,,,,,11,2,5.5,,108,,0,0,0,9,9
9001,2025-05-18,T20,Indian Premier League 2025,Mumbai,Wankhede Stadium,MI,CSK,MI,bat,CSK,0,6,Ruturaj Gaikwad,1,2,1,MI,CSK,Tilak Varma,Rohit Sharma,Deepak Chahar,3,0,,,,,,,,,14,2,6.46,,107,,0,0,0,12,10
9001,2025-05-18,T20,Indian Premier League 2025,Mumbai,Wankhede Stadium,MI,CSK,MI,bat,CSK,0,6,Ruturaj Gaikwad,1,2,2,MI,CSK,Rohit Sharma,Tilak Varma,Deepak Chahar,0,0,,,,,,,,,14,2,6.0,,106,,0,1,0,12,11
9001,2025-05-18,T20,Indian Premier League 2025,Mumbai,Wankhede Stadium,MI,CSK,MI,bat,CSK,0,6,Ruturaj Gaikwad,1,2,3,MI,CSK,Rohit Sharma,Tilak Varma,Deepak Chahar,0,0,,,,,,,,,14,2,5.6,,105,,0,1,0,12,12
9001,2025-05-18,T20,Indian Premier League 2025,Mumbai,Wankhede Stadium,MI,CSK,MI,bat,CSK,0,6,Ruturaj Gaikwad,1,2,4,MI,CSK,Rohit Sharma,Tilak Varma,Deepak Chahar,1,0,,,,,,,,,15,2,5.62,,104,,0,0,0,13,13
9001,2025-05-18,T20,Indian Premier League 2025,Mumbai,Wankhede Stadium,MI,CSK,MI,bat,CSK,0,6,Ruturaj Gaikwad,1,2,5,MI,CSK,Tilak Varma,Rohit Sharma,Deepak Chahar,0,0,,,,,,,,,15,2,5.29,,103,,0,1,0,13,14
9001,2025-05-18,T20,Indian Premier League 2025,Mumbai,Wankhede Stadium,MI,CSK,MI,bat,CSK,0,6,Ruturaj Gaikwad,1,2,6,MI,CSK,Tilak Varma,Rohit Sharma,Deepak Chahar,0,0,,,,,,,,,15,2,5.0,,102,,0,1,0,13,15
9001,2025-05-18,T20,Indian Premier League 2025,Mumbai,Wankhede Stadium,MI,CSK,MI,bat,CSK,0,6,Ruturaj Gaikwad,1,3,1,MI,CSK,Rohit Sharma,Tilak Varma,Shivam Dube,0,0,,,,,,,,,15,2,4.74,,101,,0,1,0,13,16
9001,2025-05-18,T20,Indian Premier League 2025,Mumbai,Wankhede Stadium,MI,CSK,MI,bat,CSK,0,6,Ruturaj Gaikwad,1,3,2,MI,CSK,Rohit Sharma,Tilak Varma,Shivam Dube,2,0,,,,,,,,,17,2,5.1,,100,,0,0,0,15,17
9001,2025-05-18,T20,Indian Premier League 2025,Mumbai,Wankhede Stadium,MI,CSK,MI,bat,CSK,0,6,Ruturaj Gaikwad,1,3,3,MI,CSK,Rohit Sharma,Tilak Varma,Shivam Dube,0,0,,,,,,,,,17,2,4.86,,99,,0,1,0,15,18
9001,2025-05-18,T20,Indian Premier League 2025,Mumbai,Wankhede Stadium,MI,CSK,MI,bat,CSK,0,6,Ruturaj Gaikwad,1,3,4,MI,CSK,Rohit Sharma,Tilak Varma,Shivam Dube,1,0,,,,,,,,,18,2,4.91,,98,,0,0,0,16,19
9001,2025-05-18,T20,Indian Premier League 2025,Mumbai,Wankhede Stadium,MI,CSK,MI,bat,CSK,0,6,Ruturaj Gaikwad,1,3,5,MI,CSK,Tilak Varma,Rohit Sharma,Shivam Dube,4,0,,,,,,,,,22,2,5.74,,97,,1,0,0,20,20
9001,2025-05-18,T20,Indian Premier League 2025,Mumbai,Wankhede Stadium,MI,CSK,MI,bat,CSK,0,6,Ruturaj Gaikwad,1,3,6,MI,CSK,Tilak Varma,Rohit Sharma,Shivam Dube,0,0,,,,,,,,,22,2,5.5,,96,,0,1,0,20,21
9001,2025-05-18,T20,Indian Premier League 2025,Mumbai,Wankhede Stadium,MI,CSK,MI,bat,CSK,0,6,Ruturaj Gaikwad,1,4,1,MI,CSK,Rohit Sharma,Tilak Varma,Maheesh Theekshana,1,0,,,,,,,,,23,2,5.52,,95,,0,0,0,21,22
9001,2025-05-18,T20,Indian Premier League 2025,Mumbai,Wankhede Stadium,MI,CSK,MI,bat,CSK,0,6,Ruturaj Gaikwad,1,4,2,MI,CSK,Tilak Varma,Rohit Sharma,Maheesh Theekshana,0,0,,,,,,,,,23,2,5.31,,94,,0,1,0,21,23
9001,2025-05-18,T20,Indian Premier League 2025,Mumbai,Wankhede Stadium,MI,CSK,MI,bat,CSK,0,6,Ruturaj Gaikwad,1,4,3,MI,CSK,Tilak Varma,Rohit Sharma,Maheesh Theekshana,0,0,,,,,,bowled,Tilak Varma,,23,3,5.11,,93,,0,1,1,0,1
9001,2025-05-18,T20,Indian Premier League 2025,Mumbai,Wankhede Stadium,MI,CSK,MI,bat,CSK,0,6,Ruturaj Gaikwad,1,4,4,MI,CSK,Hardik Pandya,Rohit Sharma,Maheesh Theekshana,0,0,,,,,,,,,23,3,4.93,,92,,0,1,0,0,2
9001,2025-05-18,T20,Indian Premier League 2025,Mumbai,Wankhede Stadium,MI,CSK,MI,bat,CSK,0,6,Ruturaj Gaikwad,1,4,5,MI,CSK,Hardik Pandya,Rohit Sharma,Maheesh Theekshana,0,0,,,,,,,,,23,3,4.76,,91,,0,1,0,0,3
9001,2025-05-18,T20,Indian Premier League 2025,Mumbai,Wankhede Stadium,MI,CSK,MI,bat,CSK,0,6,Ruturaj Gaikwad,1,4,6,MI,CSK,Hardik Pandya,Rohit Sharma,Maheesh Theekshana,0,0,,,,,,,,,23,3,4.6,,90,,0,1,0,0,4
9001,2025-05-18,T20,Indian Premier League 2025,Mumbai,Wankhede Stadium,MI,CSK,MI,bat,CSK,0,6,Ruturaj Gaikwad,1,5,1,MI,CSK,Rohit Sharma,Hardik Pandya,Deepak Chahar,0,0,,,,,,,,,23,3,4.45,,89,,0,1,0,0,5
9001,2025-05-18,T20,Indian Premier League 2025,Mumbai,Wankhede Stadium,MI,CSK,MI,bat,CSK,0,6,Ruturaj Gaikwad,1,5,2,MI,CSK,Rohit Sharma,Hardik Pandya,Deepak Chahar,1,0,,,,,,,,,24,3,4.5,,88,,0,0,0,1,6
9001,2025-05-18,T20,Indian Premier League 2025,Mumbai,Wankhede Stadium,MI,CSK,MI,bat,CSK,0,6,Ruturaj Gaikwad,1,5,3,MI,CSK,Hardik Pandya,Rohit Sharma,Deepak Chahar,0,0,,,,,,caught and bowled,Hardik Pandya,Deepak Chahar,24,4,4.36,,87,,0,1,1,0,1
9001,2025-05-18,T20,Indian Premier League 2025,Mumbai,Wankhede Stadium,MI,CSK,MI,bat,CSK,0,6,Ruturaj Gaikwad,1,5,4,MI,CSK,Tim David,Rohit Sharma,Deepak Chahar,0,0,,,,,,,,,24,4,4.24,,86,,0,1,0,0,2
9001,2025-05-18,T20,Indian Premier League 2025,Mumbai,Wankhede Stadium,MI,CSK,MI,bat,CSK,0,6,Ruturaj Gaikwad,1,5,5,MI,CSK,Tim David,Rohit Sharma,Deepak Chahar,4,0,,,,,,,,,28,4,4.8,,85,,1,0,0,4,3
9001,2025-05-18,T20,Indian Premier League 2025,Mumbai,Wankhede Stadium,MI,CSK,MI,bat,CSK,0,6,Ruturaj Gaikwad,1,5,6,MI,CSK,Tim David,Rohit Sharma,Deepak Chahar,1,0,,,,,,,,,29,4,4.83,,84,,0,0,0,5,4
9001,2025-05-18,T20,Indian Premier League 2025,Mumbai,Wankhede Stadium,MI,CSK,MI,bat,CSK,0,6,Ruturaj Gaikwad,1,6,1,MI,CSK,Tim David,Rohit Sharma,Tushar Deshpande,0,0,,,,,,,,,29,4,4.7,,83,,0,1,0,5,5
9001,2025-05-18,T20,Indian Premier League 2025,Mumbai,Wankhede Stadium,MI,CSK,MI,bat,CSK,0,6,Ruturaj Gaikwad,1,6,2,MI,CSK,Tim David,Rohit Sharma,Tushar Deshpande,4,0,,,,,,,,,33,4,5.21,,82,,1,0,0,9,6
9001,2025-05-18,T20,Indian Premier League 2025,Mumbai,Wankhede Stadium,MI,CSK,MI,bat,CSK,0,6,Ruturaj Gaikwad,1,6,3,MI,CSK,Tim David,Rohit Sharma,Tushar Deshpande,0,0,,,,,,,,,33,4,5.08,,81,,0,1,0,9,7
9001,2025-05-18,T20,Indian Premier League 2025,Mumbai,Wankhede Stadium,MI,CSK,MI,bat,CSK,0,6,Ruturaj Gaikwad,1,6,4,MI,CSK,Tim David,Rohit Sharma,Tushar Deshpande,2,0,,,,,,,,,35,4,5.25,,80,,0,0,0,11,8
9001,2025-05-18,T20,Indian Premier League 2025,Mumbai,Wankhede Stadium,MI,CSK,MI,bat,CSK,0,6,Ruturaj Gaikwad,1,6,5,MI,CSK,Tim David,Rohit Sharma,Tushar Deshpande,1,0,,,,,,,,,36,4,5.27,,79,,0,0,0,12,9
9001,2025-05-18,T20,Indian Premier League 2025,Mumbai,Wankhede Stadium,MI,CSK,MI,bat,CSK,0,6,Ruturaj Gaikwad,1,6,6,MI,CSK,Rohit Sharma,Tim David,Tushar Deshpande,2,0,,,,,,,,,38,4,5.43,,78,,0,0,0,14,10
9001,2025-05-18,T20,Indian Premier League 2025,Mumbai,Wankhede Stadium,MI,CSK,MI,bat,CSK,0,6,Ruturaj Gaikwad,1,7,1,MI,CSK,Tim David,Rohit Sharma,Shivam Dube,0,0,,,,,,,,,38,4,5.3,,77,,0,1,0,14,11
9001,2025-05-18,T20,Indian Premier League 2025,Mumbai,Wankhede Stadium,MI,CSK,MI,bat,CSK,0,6,Ruturaj Gaikwad,1,7,2,MI,CSK,Tim David,Rohit Sharma,Shivam Dube,0,0,,,,,,,,,38,4,5.18,,76,,0,1,0,14,12
9001,2025-05-18,T20,Indian Premier League 2025,Mumbai,Wankhede Stadium,MI,CSK,MI,bat,CSK,0,6,Ruturaj Gaikwad,1,7,3,MI,CSK,Tim David,Rohit Sharma,Shivam Dube,0,0,,,,,,,,,38,4,5.07,,75,,0,1,0,14,13
9001,2025-05-18,T20,Indian Premier League 2025,Mumbai,Wankhede Stadium,MI,CSK,MI,bat,CSK,0,6,Ruturaj Gaikwad,1,7,4,MI,CSK,Tim David,Rohit Sharma,Shivam Dube,0,0,,,,,,,,,38,4,4.96,,74,,0,1,0,14,14
9001,2025-05-18,T20,Indian Premier League 2025,Mumbai,Wankhede Stadium,MI,CSK,MI,bat,CSK,0,6,Ruturaj Gaikwad,1,7,5,MI,CSK,Tim David,Rohit Sharma,Shivam Dube,1,0,,,,,,,,,39,4,4.98,,73,,0,0,0,15,15
9001,2025-05-18,T20,Indian Premier League 2025,Mumbai,Wankhede Stadium,MI,CSK,MI,bat,CSK,0,6,Ruturaj Gaikwad,1,7,6,MI,CSK,Rohit Sharma,Tim David,Shivam Dube,0,0,,,,,,,,,39,4,4.88,,72,,0,1,0,15,16
9001,2025-05-18,T20,Indian Premier League 2025,Mumbai,Wankhede Stadium,MI,CSK,MI,bat,CSK,0,6,Ruturaj Gaikwad,1,8,1,MI,CSK,Tim David,Rohit Sharma,Tushar Deshpande,0,1,1,,,,,,,,40,4,5.0,,72,,0,0,0,16,16
9001,2025-05-18,T20,Indian Premier League 2025,Mumbai,Wankhede Stadium,MI,CSK,MI,bat,CSK,0,6,Ruturaj Gaikwad,1,8,1,MI,CSK,Tim David,Rohit Sharma,Tushar Deshpande,0,1,1,,,,,,,,41,4,5.12,,72,,0,0,0,17,16
9001,2025-05-18,T20,Indian Premier League 2025,Mumbai,Wankhede Stadium,MI,CSK,MI,bat,CSK,0,6,Ruturaj Gaikwad,1,8,1,MI,CSK,Tim David,Rohit Sharma,Tushar Deshpande,3,0,,,,,,,,,44,4,5.39,,71,,0,0,0,20,17
9001,2025-05-18,T20,Indian Premier League 2025,Mumbai,Wankhede Stadium,MI,CSK,MI,bat,CSK,0,6,Ruturaj Gaikwad,1,8,2,MI,CSK,Rohit Sharma,Tim David,Tushar Deshpande,1,0,,,,,,,,,45,4,5.4,,70,,0,0,0,21,18
9001,2025-05-18,T20,Indian Premier League 2025,Mumbai,Wankhede Stadium,MI,CSK,MI,bat,CSK,0,6,Ruturaj Gaikwad,1,8,3,MI,CSK,Tim David,Rohit Sharma,Tushar Deshpande,4,0,,,,,,,,,49,4,5.76,,69,,1,0,0,25,19
9001,2025-05-18,T20,Indian Premier League 2025,Mumbai,Wankhede Stadium,MI,CSK,MI,bat,CSK,0,6,Ruturaj Gaikwad,1,8,4,MI,CSK,Tim David,Rohit Sharma,Tushar Deshpande,1,0,,,,,,,,,50,4,5.77,,68,,0,0,0,26,20
9001,2025-05-18,T20,Indian Premier League 2025,Mumbai,Wankhede Stadium,MI,CSK,MI,bat,CSK,0,6,Ruturaj Gaikwad,1,8,5,MI,CSK,Rohit Sharma,Tim David,Tushar Deshpande,0,0,,,,,,,,,50,4,5.66,,67,,0,1,0,26,21
9001,2025-05-18,T20,Indian Premier League 2025,Mumbai,Wankhede Stadium,MI,CSK,MI,bat,CSK,0,6,Ruturaj Gaikwad,1,8,6,MI,CSK,Rohit Sharma,Tim David,Tushar Deshpande,0,0,,,,,,,,,50,4,5.56,,66,,0,1,0,26,22
9001,2025-05-18,T20,Indian Premier League 2025,Mumbai,Wankhede Stadium,MI,CSK,MI,bat,CSK,0,6,Ruturaj Gaikwad,1,9,1,MI,CSK,Tim David,Rohit Sharma,Deepak Chahar,1,0,,,,,,,,,51,4,5.56,,65,,0,0,0,27,23
9001,2025-05-18,T20,Indian Premier League 2025,Mumbai,Wankhede Stadium,MI,CSK,MI,bat,CSK,0,6,Ruturaj Gaikwad,1,9,2,MI,CSK,Rohit Sharma,Tim David,Deepak Chahar,0,0,,,,,,,,,51,4,5.46,,64,,0,1,0,27,24
9001,2025-05-18,T20,Indian Premier League 2025,Mumbai,Wankhede Stadium,MI,CSK,MI,bat,CSK,0,6,Ruturaj Gaikwad,1,9,3,MI,CSK,Rohit Sharma,Tim David,Deepak Chahar,0,0,,,,,,,,,51,4,5.37,,63,,0,1,0,27,25
9001,2025-05-18,T20,Indian Premier League 2025,Mumbai,Wankhede Stadium,MI,CSK,MI,bat,CSK,0,6,Ruturaj Gaikwad,1,9,4,MI,CSK,Rohit Sharma,Tim David,Deepak Chahar,0,0,,,,,,,,,51,4,5.28,,62,,0,1,0,27,26
9001,2025-05-18,T20,Indian Premier League 2025,Mumbai,Wankhede Stadium,MI,CSK,MI,bat,CSK,0,6,Ruturaj Gaikwad,1,9,5,MI,CSK,Rohit Sharma,Tim David,Deepak Chahar,0,0,,,,,,,,,51,4,5.19,,61,,0,1,0,27,27
9001,2025-05-18,T20,Indian Premier League 2025,Mumbai,Wankhede Stadium,MI,CSK,MI,bat,CSK,0,6,Ruturaj Gaikwad,1,9,6,MI,CSK,Rohit Sharma,Tim David,Deepak Chahar,0,0,,,,,,,,,51,4,5.1,,60,,0,1,0,27,28
9001,2025-05-18,T20,Indian Premier League 2025,Mumbai,Wankhede Stadium,MI,CSK,MI,bat,CSK,0,6,Ruturaj Gaikwad,1,10,1,MI,CSK,Tim David,Rohit Sharma,Tushar Deshpande,0,0,,,,,,,,,51,4,5.02,,59,,0,1,0,27,29
9001,2025-05-18,T20,Indian Premier League 2025,Mumbai,Wankhede Stadium,MI,CSK,MI,bat,CSK,0,6,Ruturaj Gaikwad,1,10,2,MI,CSK,Tim David,Rohit Sharma,Tushar Deshpande,0,0,,,,,,,,,51,4,4.94,,58,,0,1,0,27,30
9001,2025-05-18,T20,Indian Premier League 2025,Mumbai,Wankhede Stadium,MI,CSK,MI,bat,CSK,0,6,Ruturaj Gaikwad,1,10,3,MI,CSK,Tim David,Rohit Sharma,Tushar Deshpande,0,0,,,,,,,,,51,4,4.86,,57,,0,1,0,27,31
9001,2025-05-18,T20,Indian Premier League 2025,Mumbai,Wankhede Stadium,MI,CSK,MI,bat,CSK,0,6,Ruturaj Gaikwad,1,10,4,MI,CSK,Tim David,Rohit Sharma,Tushar Deshpande,0,0,,,,,,,,,51,4,4.78,,56,,0,1,0,27,32
9001,2025-05-18,T20,Indian Premier League 2025,Mumbai,Wankhede Stadium,MI,CSK,MI,bat,CSK,0,6,Ruturaj Gaikwad,1,10,5,MI,CSK,Tim David,Rohit Sharma,Tushar Deshpande,1,0,,,,,,,,,52,4,4.8,,55,,0,0,0,28,33
9001,2025-05-18,T20,Indian Premier League 2025,Mumbai,Wankhede Stadium,MI,CSK,MI,bat,CSK,0,6,Ruturaj Gaikwad,1,10,6,MI,CSK,Rohit Sharma,Tim David,Tushar Deshpande,0,0,,,,,,,,,52,4,4.73,,54,,0,1,0,28,34
9001,2025-05-18,T20,Indian Premier League 2025,Mumbai,Wankhede Stadium,MI,CSK,MI,bat,CSK,0,6,Ruturaj Gaikwad,1,11,1,MI,CSK,Tim David,Rohit Sharma,Shivam Dube,0,0,,,,,,,,,52,4,4.66,,53,,0,1,0,28,35
9001,2025-05-18,T20,Indian Premier League 2025,Mumbai,Wankhede Stadium,MI,CSK,MI,bat,CSK,0,6,Ruturaj Gaikwad,1,11,2,MI,CSK,Tim David,Rohit Sharma,Shivam Dube,0,0,,,,,,,,,52,4,4.59,,52,,0,1,0,28,36
9001,2025-05-18,T20,Indian Premier League 2025,Mumbai,Wankhede Stadium,MI,CSK,MI,bat,CSK,0,6,Ruturaj Gaikwad,1,11,3,MI,CSK,Tim David,Rohit Sharma,Shivam Dube,0,0,,,,,,,,,52,4,4.52,,51,,0,1,0,28,37
9001,2025-05-18,T20,Indian Premier League 2025,Mumbai,Wankhede Stadium,MI,CSK,MI,bat,CSK,0,6,Ruturaj Gaikwad,1,11,4,MI,CSK,Tim David,Rohit Sharma,Shivam Dube,0,0,,,,,,,,,52,4,4.46,,50,,0,1,0,28,38
9001,2025-05-18,T20,Indian Premier League 2025,Mumbai,Wankhede Stadium,MI,CSK,MI,bat,CSK,0,6,Ruturaj Gaikwad,1,11,5,MI,CSK,Tim David,Rohit Sharma,Shivam Dube,0,0,,,,,,,,,52,4,4.39,,49,,0,1,0,28,39
9001,2025-05-18,T20,Indian Premier League 2025,Mumbai,Wankhede Stadium,MI,CSK,MI,bat,CSK,0,6,Ruturaj Gaikwad,1,11,6,MI,CSK,Tim David,Rohit Sharma,Shivam Dube,1,0,,,,,,bowled,Tim David,,53,5,4.42,,48,,0,0,1,1,1
9001,2025-05-18,T20,Indian Premier League 2025,Mumbai,Wankhede Stadium,MI,CSK,MI,bat,CSK,0,6,Ruturaj Gaikwad,1,12,1,MI,CSK,Rohit Sharma,Nehal Wadhera,Ravindra Jadeja,1,0,,,,,,,,,54,5,4.44,,47,,0,0,0,2,2
9001,2025-05-18,T20,Indian Premier League 2025,Mumbai,Wankhede Stadium,MI,CSK,MI,bat,CSK,0,6,Ruturaj Gaikwad,1,12,2,MI,CSK,Nehal Wadhera,Rohit Sharma,Ravindra Jadeja,1,0,,,,,,,,,55,5,4.46,,46,,0,0,0,3,3
9001,2025-05-18,T20,Indian Premier League 2025,Mumbai,Wankhede Stadium,MI,CSK,MI,bat,CSK,0,6,Ruturaj Gaikwad,1,12,3,MI,CSK,Rohit Sharma,Nehal Wadhera,Ravindra Jadeja,0,0,,,,,,,,,55,5,4.4,,45,,0,1,0,3,4
9001,2025-05-18,T20,Indian Premier League 2025,Mumbai,Wankhede Stadium,MI,CSK,MI,bat,CSK,0,6,Ruturaj Gaikwad,1,12,4,MI,CSK,Rohit Sharma,Nehal Wadhera,Ravindra Jadeja,4,0,,,,,,,,,59,5,4.66,,44,,1,0,0,7,5
9001,2025-05-18,T20,Indian Premier League 2025,Mumbai,Wankhede Stadium,MI,CSK,MI,bat,CSK,0,6,Ruturaj Gaikwad,1,12,5,MI,CSK,Rohit Sharma,Nehal Wadhera,Ravindra Jadeja,0,1,1,,,,,,,,60,5,4.74,,44,,0,0,0,8,5
9001,2025-05-18,T20,Indian Premier League 2025,Mumbai,Wankhede Stadium,MI,CSK,MI,bat,CSK,0,6,Ruturaj Gaikwad,1,12,5,MI,CSK,Rohit Sharma,Nehal Wadhera,Ravindra Jadeja,0,0,,,,,,,,,60,5,4.68,,43,,0,1,0,8,6
9001,2025-05-18,T20,Indian Premier League 2025,Mumbai,Wankhede Stadium,MI,CSK,MI,bat,CSK,0,6,Ruturaj Gaikwad,1,12,6,MI,CSK,Rohit Sharma,Nehal Wadhera,Ravindra Jadeja,4,0,,,,,,,,,64,5,4.92,,42,,1,0,0,12,7
9001,2025-05-18,T20,Indian Premier League 2025,Mumbai,Wankhede Stadium,MI,CSK,MI,bat,CSK,0,6,Ruturaj Gaikwad,1,13,1,MI,CSK,Nehal Wadhera,Rohit Sharma,Matheesha Pathirana,0,0,,,,,,,,,64,5,4.86,,41,,0,1,0,12,8
9001,2025-05-18,T20,Indian Premier League 2025,Mumbai,Wankhede Stadium,MI,CSK,MI,bat,CSK,0,6,Ruturaj Gaikwad,1,13,2,MI,CSK,Nehal Wadhera,Rohit Sharma,Matheesha Pathirana,2,0,,,,,,,,,66,5,4.95,,40,,0,0,0,14,9
9001,2025-05-18,T20,Indian Premier League 2025,Mumbai,Wankhede Stadium,MI,CSK,MI,bat,CSK,0,6,Ruturaj Gaikwad,1,13,3,MI,CSK,Nehal Wadhera,Rohit Sharma,Matheesha Pathirana,1,0,,,,,,,,,67,5,4.96,,39,,0,0,0,15,10
9001,2025-05-18,T20,Indian Premier League 2025,Mumbai,Wankhede Stadium,MI,CSK,MI,bat,CSK,0,6,Ruturaj Gaikwad,1,13,4,MI,CSK,Rohit Sharma,Nehal Wadhera,Matheesha Pathirana,4,0,,,,,,,,,71,5,5.2,,38,,1,0,0,19,11
9001,2025-05-18,T20,Indian Premier League 2025,Mumbai,Wankhede Stadium,MI,CSK,MI,bat,CSK,0,6,Ruturaj Gaikwad,1,13,5,MI,CSK,Rohit Sharma,Nehal Wadhera,Matheesha Pathirana,1,0,,,,,,,,,72,5,5.2,,37,,0,0,0,20,12
9001,2025-05-18,T20,Indian Premier League 2025,Mumbai,Wankhede Stadium,MI,CSK,MI,bat,CSK,0,6,Ruturaj Gaikwad,1,13,6,MI,CSK,Nehal Wadhera,Rohit Sharma,Matheesha Pathirana,0,0,,,,,,,,,72,5,5.14,,36,,0,1,0,20,13
9001,2025-05-18,T20,Indian Premier League 2025,Mumbai,Wankhede Stadium,MI,CSK,MI,bat,CSK,0,6,Ruturaj Gaikwad,1,14,1,MI,CSK,Rohit Sharma,Nehal Wadhera,Ravindra Jadeja,0,0,,,,,,,,,72,5,5.08,,35,,0,1,0,20,14
9001,2025-05-18,T20,Indian Premier League 2025,Mumbai,Wankhede Stadium,MI,CSK,MI,bat,CSK,0,6,Ruturaj Gaikwad,1,14,2,MI,CSK,Rohit Sharma,Nehal Wadhera,Ravindra Jadeja,1,0,,,,,,,,,73,5,5.09,,34,,0,0,0,21,15
9001,2025-05-18,T20,Indian Premier League 2025,Mumbai,Wankhede Stadium,MI,CSK,MI,bat,CSK,0,6,Ruturaj Gaikwad,1,14,3,MI,CSK,Nehal Wadhera,Rohit Sharma,Ravindra Jadeja,2,1,,1,,,,,,,76,5,5.3,,34,,0,0,0,24,15
9001,2025-05-18,T20,Indian Premier League 2025,Mumbai,Wankhede Stadium,MI,CSK,MI,bat,CSK,0,6,Ruturaj Gaikwad,1,14,3,MI,CSK,Nehal Wadhera,Rohit Sharma,Ravindra Jadeja,0,0,,,,,,,,,76,5,5.24,,33,,0,1,0,24,16
9001,2025-05-18,T20,Indian Premier League 2025,Mumbai,Wankhede Stadium,MI,CSK,MI,bat,CSK,0,6,Ruturaj Gaikwad,1,14,4,MI,CSK,Nehal Wadhera,Rohit Sharma,Ravindra Jadeja,0,0,,,,,,bowled,Nehal Wadhera,,76,6,5.18,,32,,0,1,1,0,1
9001,2025-05-18,T20,Indian Premier League 2025,Mumbai,Wankhede Stadium,MI,CSK,MI,bat,CSK,0,6,Ruturaj Gaikwad,1,14,5,MI,CSK,Piyush Chawla,Rohit Sharma,Ravindra Jadeja,1,0,,,,,,,,,77,6,5.19,,31,,0,0,0,1,2
9001,2025-05-18,T20,Indian Premier League 2025,Mumbai,Wankhede Stadium,MI,CSK,MI,bat,CSK,0,6,Ruturaj Gaikwad,1,14,6,MI,CSK,Rohit Sharma,Piyush Chawla,Ravindra Jadeja,2,1,,1,,,,,,,80,6,5.39,,31,,0,0,0,4,2
9001,2025-05-18,T20,Indian Premier League 2025,Mumbai,Wankhede Stadium,MI,CSK,MI,bat,CSK,0,6,Ruturaj Gaikwad,1,14,6,MI,CSK,Rohit Sharma,Piyush Chawla,Ravindra Jadeja,0,0,,,,,,,,,80,6,5.33,,30,,0,1,0,4,3
9001,2025-05-18,T20,Indian Premier League 2025,Mumbai,Wankhede Stadium,MI,CSK,MI,bat,CSK,0,6,Ruturaj Gaikwad,1,15,1,MI,CSK,Piyush Chawla,Rohit Sharma,Deepak Chahar,0,0,,,,,,,,,80,6,5.27,,29,,0,1,0,4,4
9001,2025-05-18,T20,Indian Premier League 2025,Mumbai,Wankhede Stadium,MI,CSK,MI,bat,CSK,0,6,Ruturaj Gaikwad,1,15,2,MI,CSK,Piyush Chawla,Rohit Sharma,Deepak Chahar,1,0,,,,,,,,,81,6,5.28,,28,,0,0,0,5,5
9001,2025-05-18,T20,Indian Premier League 2025,Mumbai,Wankhede Stadium,MI,CSK,MI,bat,CSK,0,6,Ruturaj Gaikwad,1,15,3,MI,CSK,Rohit Sharma,Piyush Chawla,Deepak Chahar,1,0,,,,,,,,,82,6,5.29,,27,,0,0,0,6,6
9001,2025-05-18,T20,Indian Premier League 2025,Mumbai,Wankhede Stadium,MI,CSK,MI,bat,CSK,0,6,Ruturaj Gaikwad,1,15,4,MI,CSK,Piyush Chawla,Rohit Sharma,Deepak Chahar,4,0,,,,,,,,,86,6,5.49,,26,,1,0,0,10,7
9001,2025-05-18,T20,Indian Premier League 2025,Mumbai,Wankhede Stadium,MI,CSK,MI,bat,CSK,0,6,Ruturaj Gaikwad,1,15,5,MI,CSK,Piyush Chawla,Rohit Sharma,Deepak Chahar,4,0,,,,,,caught and bowled,Piyush Chawla,Deepak Chahar,90,7,5.68,,25,,1,0,1,4,1
9001,2025-05-18,T20,Indian Premier League 2025,Mumbai,Wankhede Stadium,MI,CSK,MI,bat,CSK,0,6,Ruturaj Gaikwad,1,15,6,MI,CSK,Jasprit Bumrah,Rohit Sharma,Deepak Chahar,1,0,,,,,,,,,91,7,5.69,,24,,0,0,0,5,2
9001,2025-05-18,T20,Indian Premier League 2025,Mumbai,Wankhede Stadium,MI,CSK,MI,bat,CSK,0,6,Ruturaj Gaikwad,1,16,1,MI,CSK,Jasprit Bumrah,Rohit Sharma,Tushar Deshpande,1,0,,,,,,,,,92,7,5.69,,23,,0,0,0,6,3
9001,2025-05-18,T20,Indian Premier League 2025,Mumbai,Wankhede Stadium,MI,CSK,MI,bat,CSK,0,6,Ruturaj Gaikwad,1,16,2,MI,CSK,Rohit Sharma,Jasprit Bumrah,Tushar Deshpande,3,0,,,,,,,,,95,7,5.82,,22,,0,0,0,9,4
9001,2025-05-18,T20,Indian Premier League 2025,Mumbai,Wankhede Stadium,MI,CSK,MI,bat,CSK,0,6,Ruturaj Gaikwad,1,16,3,MI,CSK,Jasprit Bumrah,Rohit Sharma,Tushar Deshpande,0,0,,,,,,,,,95,7,5.76,,21,,0,1,0,9,5
9001,2025-05-18,T20,Indian Premier League 2025,Mumbai,Wankhede Stadium,MI,CSK,MI,bat,CSK,0,6,Ruturaj Gaikwad,1,16,4,MI,CSK,Jasprit Bumrah,Rohit Sharma,Tushar Deshpande,0,0,,,,,,caught,Jasprit Bumrah,Sameer Rizvi,95,8,5.7,,20,,0,1,1,0,1
9001,2025-05-18,T20,Indian Premier League 2025,Mumbai,Wankhede Stadium,MI,CSK,MI,bat,CSK,0,6,Ruturaj Gaikwad,1,16,5,MI,CSK,Gerald Coetzee,Rohit Sharma,Tushar Deshpande,4,0,,,,,,,,,99,8,5.88,,19,,1,0,0,4,2
9001,2025-05-18,T20,Indian Premier League 2025,Mumbai,Wankhede Stadium,MI,CSK,MI,bat,CSK,0,6,Ruturaj Gaikwad,1,16,6,MI,CSK,Gerald Coetzee,Rohit Sharma,Tushar Deshpande,1,0,,,,,,,,,100,8,5.88,,18,,0,0,0,5,3
9001,2025-05-18,T20,Indian Premier League 2025,Mumbai,Wankhede Stadium,MI,CSK,MI,bat,CSK,0,6,Ruturaj Gaikwad,1,17,1,MI,CSK,Gerald Coetzee,Rohit Sharma,Maheesh Theekshana,0,0,,,,,,,,,100,8,5.83,,17,,0,1,0,5,4
9001,2025-05-18,T20,Indian Premier League 2025,Mumbai,Wankhede Stadium,MI,CSK,MI,bat,CSK,0,6,Ruturaj Gaikwad,1,17,2,MI,CSK,Gerald Coetzee,Rohit Sharma,Maheesh Theekshana,1,0,,,,,,,,,101,8,5.83,,16,,0,0,0,6,5
9001,2025-05-18,T20,Indian Premier League 2025,Mumbai,Wankhede Stadium,MI,CSK,MI,bat,CSK,0,6,Ruturaj Gaikwad,1,17,3,MI,CSK,Rohit Sharma,Gerald Coetzee,Maheesh Theekshana,4,1,,1,,,,,,,106,8,6.12,,16,,1,0,0,11,5
9001,2025-05-18,T20,Indian Premier League 2025,Mumbai,Wankhede Stadium,MI,CSK,MI,bat,CSK,0,6,Ruturaj Gaikwad,1,17,3,MI,CSK,Rohit Sharma,Gerald Coetzee,Maheesh Theekshana,0,0,,,,,,,,,106,8,6.06,,15,,0,1,0,11,6
9001,2025-05-18,T20,Indian Premier League 2025,Mumbai,Wankhede Stadium,MI,CSK,MI,bat,CSK,0,6,Ruturaj Gaikwad,1,17,4,MI,CSK,Rohit Sharma,Gerald Coetzee,Maheesh Theekshana,4,0,,,,,,,,,110,8,6.23,,14,,1,0,0,15,7
9001,2025-05-18,T20,Indian Premier League 2025,Mumbai,Wankhede Stadium,MI,CSK,MI,bat,CSK,0,6,Ruturaj Gaikwad,1,17,5,MI,CSK,Rohit Sharma,Gerald Coetzee,Maheesh Theekshana,4,1,,1,,,,stumped,Rohit Sharma,Shivam Dube,115,9,6.51,,14,,1,0,1,5,0
9001,2025-05-18,T20,Indian Premier League 2025,Mumbai,Wankhede Stadium,MI,CSK,MI,bat,CSK,0,6,Ruturaj Gaikwad,1,17,5,MI,CSK,Akash Madhwal,Gerald Coetzee,Maheesh Theekshana,0,0,,,,,,,,,115,9,6.45,,13,,0,1,0,5,1
9001,2025-05-18,T20,Indian Premier League 2025,Mumbai,Wankhede Stadium,MI,CSK,MI,bat,CSK,0,6,Ruturaj Gaikwad,1,17,6,MI,CSK,Akash Madhwal,Gerald Coetzee,Maheesh Theekshana,0,0,,,,,,,,,115,9,6.39,,12,,0,1,0,5,2
9001,2025-05-18,T20,Indian Premier League 2025,Mumbai,Wankhede Stadium,MI,CSK,MI,bat,CSK,0,6,Ruturaj Gaikwad,1,18,1,MI,CSK,Gerald Coetzee,Akash Madhwal,Ravindra Jadeja,1,0,,,,,,,,,116,9,6.39,,11,,0,0,0,6,3
9001,2025-05-18,T20,Indian Premier League 2025,Mumbai,Wankhede Stadium,MI,CSK,MI,bat,CSK,0,6,Ruturaj Gaikwad,1,18,2,MI,CSK,Akash Madhwal,Gerald Coetzee,Ravindra Jadeja,1,0,,,,,,,,,117,9,6.38,,10,,0,0,0,7,4
9001,2025-05-18,T20,Indian Premier League 2025,Mumbai,Wankhede Stadium,MI,CSK,MI,bat,CSK,0,6,Ruturaj Gaikwad,1,18,3,MI,CSK,Gerald Coetzee,Akash Madhwal,Ravindra Jadeja,0,0,,,,,,,,,117,9,6.32,,9,,0,1,0,7,5
9001,2025-05-18,T20,Indian Premier League 2025,Mumbai,Wankhede Stadium,MI,CSK,MI,bat,CSK,0,6,Ruturaj Gaikwad,1,18,4,MI,CSK,Gerald Coetzee,Akash Madhwal,Ravindra Jadeja,1,0,,,,,,,,,118,9,6.32,,8,,0,0,0,8,6
9001,2025-05-18,T20,Indian Premier League 2025,Mumbai,Wankhede Stadium,MI,CSK,MI,bat,CSK,0,6,Ruturaj Gaikwad,1,18,5,MI,CSK,Akash Madhwal,Gerald Coetzee,Ravindra Jadeja,0,0,,,,,,,,,118,9,6.27,,7,,0,1,0,8,7
9001,2025-05-18,T20,Indian Premier League 2025,Mumbai,Wankhede Stadium,MI,CSK,MI,bat,CSK,0,6,Ruturaj Gaikwad,1,18,6,MI,CSK,Akash Madhwal,Gerald Coetzee,Ravindra Jadeja,1,0,,,,,,,,,119,9,6.26,,6,,0,0,0,9,8
9001,2025-05-18,T20,Indian Premier League 2025,Mumbai,Wankhede Stadium,MI,CSK,MI,bat,CSK,0,6,Ruturaj Gaikwad,1,19,1,MI,CSK,Akash Madhwal,Gerald Coetzee,Maheesh Theekshana,0,0,,,,,,,,,119,9,6.21,,5,,0,1,0,9,9
9001,2025-05-18,T20,Indian Premier League 2025,Mumbai,Wankhede Stadium,MI,CSK,MI,bat,CSK,0,6,Ruturaj Gaikwad,1,19,2,MI,CSK,Akash Madhwal,Gerald Coetzee,Maheesh Theekshana,1,0,,,,,,,,,120,9,6.21,,4,,0,0,0,10,10
9001,2025-05-18,T20,Indian Premier League 2025,Mumbai,Wankhede Stadium,MI,CSK,MI,bat,CSK,0,6,Ruturaj Gaikwad,1,19,3,MI,CSK,Gerald Coetzee,Akash Madhwal,Maheesh Theekshana,0,0,,,,,,,,,120,9,6.15,,3,,0,1,0,10,11
9001,2025-05-18,T20,Indian Premier League 2025,Mumbai,Wankhede Stadium,MI,CSK,MI,bat,CSK,0,6,Ruturaj Gaikwad,1,19,4,MI,CSK,Gerald Coetzee,Akash Madhwal,Maheesh Theekshana,2,0,,,,,,,,,122,9,6.2,,2,,0,0,0,12,12
9001,2025-05-18,T20,Indian Premier League 2025,Mumbai,Wankhede Stadium,MI,CSK,MI,bat,CSK,0,6,Ruturaj Gaikwad,1,19,5,MI,CSK,Gerald Coetzee,Akash Madhwal,Maheesh Theekshana,0,0,,,,,,,,,122,9,6.15,,1,,0,1,0,12,13
9001,2025-05-18,T20,Indian Premier League 2025,Mumbai,Wankhede Stadium,MI,CSK,MI,bat,CSK,0,6,Ruturaj Gaikwad,1,19,6,MI,CSK,Gerald Coetzee,Akash Madhwal,Maheesh Theekshana,0,1,1,,,,,,,,123,9,6.2,,1,,0,0,0,13,13
9001,2025-05-18,T20,Indian Premier League 2025,Mumbai,Wankhede Stadium,MI,CSK,MI,bat,CSK,0,6,Ruturaj Gaikwad,1,19,6,MI,CSK,Gerald Coetzee,Akash Madhwal,Maheesh Theekshana,1,0,,,,,,,,,124,9,6.2,,0,,0,0,0,14,14
9001,2025-05-18,T20,Indian Premier League 2025,Mumbai,Wankhede Stadium,MI,CSK,MI,bat,CSK,0,6,Ruturaj Gaikwad,2,0,1,CSK,MI,Ruturaj Gaikwad,Devon Conway,Tim David,1,0,,,,,,,,,1,0,6.0,6.25,119,125,0,0,0,1,1
9001,2025-05-18,T20,Indian Premier League 2025,Mumbai,Wankhede Stadium,MI,CSK,MI,bat,CSK,0,6,Ruturaj Gaikwad,2,0,2,CSK,MI,Devon Conway,Ruturaj Gaikwad,Tim David,0,0,,,,,,,,,1,0,3.0,6.31,118,125,0,1,0,1,2
9001,2025-05-18,T20,Indian Premier League 2025,Mumbai,Wankhede Stadium,MI,CSK,MI,bat,CSK,0,6,Ruturaj Gaikwad,2,0,3,CSK,MI,Devon Conway,Ruturaj Gaikwad,Tim David,4,0,,,,,,,,,5,0,10.0,6.15,117,125,1,0,0,5,3
9001,2025-05-18,T20,Indian Premier League 2025,Mumbai,Wankhede Stadium,MI,CSK,MI,bat,CSK,0,6,Ruturaj Gaikwad,2,0,4,CSK,MI,Devon Conway,Ruturaj Gaikwad,Tim David,0,0,,,,,,,,,5,0,7.5,6.21,116,125,0,1,0,5,4
9001,2025-05-18,T20,Indian Premier League 2025,Mumbai,Wankhede Stadium,MI,CSK,MI,bat,CSK,0,6,Ruturaj Gaikwad,2,0,5,CSK,MI,Devon Conway,Ruturaj Gaikwad,Tim David,0,0,,,,,,,,,5,0,6.0,6.26,115,125,0,1,0,5,5
9001,2025-05-18,T20,Indian Premier League 2025,Mumbai,Wankhede Stadium,MI,CSK,MI,bat,CSK,0,6,Ruturaj Gaikwad,2,0,6,CSK,MI,Devon Conway,Ruturaj Gaikwad,Tim David,0,0,,,,,,,,,5,0,5.0,6.32,114,125,0,1,0,5,6
9001,2025-05-18,T20,Indian Premier League 2025,Mumbai,Wankhede Stadium,MI,CSK,MI,bat,CSK,0,6,Ruturaj Gaikwad,2,1,1,CSK,MI,Ruturaj Gaikwad,Devon Conway,Hardik Pandya,6,0,,,,,,,,,11,0,9.43,6.05,113,125,1,0,0,11,7
9001,2025-05-18,T20,Indian Premier League 2025,Mumbai,Wankhede Stadium,MI,CSK,MI,bat,CSK,0,6,Ruturaj Gaikwad,2,1,2,CSK,MI,Ruturaj Gaikwad,Devon Conway,Hardik Pandya,4,0,,,,,,,,,15,0,11.25,5.89,112,125,1,0,0,15,8
9001,2025-05-18,T20,Indian Premier League 2025,Mumbai,Wankhede Stadium,MI,CSK,MI,bat,CSK,0,6,Ruturaj Gaikwad,2,1,3,CSK,MI,Ruturaj Gaikwad,Devon Conway,Hardik Pandya,0,0,,,,,,,,,15,0,10.0,5.95,111,125,0,1,0,15,9
9001,2025-05-18,T20,Indian Premier League 2025,Mumbai,Wankhede Stadium,MI,CSK,MI,bat,CSK,0,6,Ruturaj Gaikwad,2,1,4,CSK,MI,Ruturaj Gaikwad,Devon Conway,Hardik Pandya,4,0,,,,,,,,,19,0,11.4,5.78,110,125,1,0,0,19,10
9001,2025-05-18,T20,Indian Premier League 2025,Mumbai,Wankhede Stadium,MI,CSK,MI,bat,CSK,0,6,Ruturaj Gaikwad,2,1,5,CSK,MI,Ruturaj Gaikwad,Devon Conway,Hardik Pandya,0,0,,,,,,,,,19,0,10.36,5.83,109,125,0,1,0,19,11
9001,2025-05-18,T20,Indian Premier League 2025,Mumbai,Wankhede Stadium,MI,CSK,MI,bat,CSK,0,6,Ruturaj Gaikwad,2,1,6,CSK,MI,Ruturaj Gaikwad,Devon Conway,Hardik Pandya,1,0,,,,,,,,,20,0,10.0,5.83,108,125,0,0,0,20,12
9001,2025-05-18,T20,Indian Premier League 2025,Mumbai,Wankhede Stadium,MI,CSK,MI,bat,CSK,0,6,Ruturaj Gaikwad,2,2,1,CSK,MI,Ruturaj Gaikwad,Devon Conway,Gerald Coetzee,0,0,,,,,,,,,20,0,9.23,5.89,107,125,0,1,0,20,13
9001,2025-05-18,T20,Indian Premier League 2025,Mumbai,Wankhede Stadium,MI,CSK,MI,bat,CSK,0,6,Ruturaj Gaikwad,2,2,2,CSK,MI,Ruturaj Gaikwad,Devon Conway,Gerald Coetzee,0,0,,,,,,,,,20,0,8.57,5.94,106,125,0,1,0,20,14
9001,2025-05-18,T20,Indian Premier League 2025,Mumbai,Wankhede Stadium,MI,CSK,MI,bat,CSK,0,6,Ruturaj Gaikwad,2,2,3,CSK,MI,Ruturaj Gaikwad,Devon Conway,Gerald Coetzee,0,0,,,,,,,,,20,0,8.0,6.0,105,125,0,1,0,20,15
9001,2025-05-18,T20,Indian Premier League 2025,Mumbai,Wankhede Stadium,MI,CSK,MI,bat,CSK,0,6,Ruturaj Gaikwad,2,2,4,CSK,MI,Ruturaj Gaikwad,Devon Conway,Gerald Coetzee,0,0,,,,,,,,,20,0,7.5,6.06,104,125,0,1,0,20,16
9001,2025-05-18,T20,Indian Premier League 2025,Mumbai,Wankhede Stadium,MI,CSK,MI,bat,CSK,0,6,Ruturaj Gaikwad,2,2,5,CSK,MI,Ruturaj Gaikwad,Devon Conway,Gerald Coetzee,0,0,,,,,,,,,20,0,7.06,6.12,103,125,0,1,0,20,17
9001,2025-05-18,T20,Indian Premier League 2025,Mumbai,Wankhede Stadium,MI,CSK,MI,bat,CSK,0,6,Ruturaj Gaikwad,2,2,6,CSK,MI,Ruturaj Gaikwad,Devon Conway,Gerald Coetzee,4,0,,,,,,,,,24,0,8.0,5.94,102,125,1,0,0,24,18
9001,2025-05-18,T20,Indian Premier League 2025,Mumbai,Wankhede Stadium,MI,CSK,MI,bat,CSK,0,6,Ruturaj Gaikwad,2,3,1,CSK,MI,Devon Conway,Ruturaj Gaikwad,Jasprit Bumrah,1,0,,,,,,,,,25,0,7.89,5.94,101,125,0,0,0,25,19
9001,2025-05-18,T20,Indian Premier League 2025,Mumbai,Wankhede Stadium,MI,CSK,MI,bat,CSK,0,6,Ruturaj Gaikwad,2,3,2,CSK,MI,Ruturaj Gaikwad,Devon Conway,Jasprit Bumrah,0,1,1,,,,,,,,26,0,8.21,5.88,101,125,0,0,0,26,19
9001,2025-05-18,T20,Indian Premier League 2025,Mumbai,Wankhede Stadium,MI,CSK,MI,bat,CSK,0,6,Ruturaj Gaikwad,2,3,2,CSK,MI,Ruturaj Gaikwad,Devon Conway,Jasprit Bumrah,4,0,,,,,,,,,30,0,9.0,5.7,100,125,1,0,0,30,20
9001,2025-05-18,T20,Indian Premier League 2025,Mumbai,Wankhede Stadium,MI,CSK,MI,bat,CSK,0,6,Ruturaj Gaikwad,2,3,3,CSK,MI,Ruturaj Gaikwad,Devon Conway,Jasprit Bumrah,1,0,,,,,,,,,31,0,8.86,5.7,99,125,0,0,0,31,21
9001,2025-05-18,T20,Indian Premier League 2025,Mumbai,Wankhede Stadium,MI,CSK,MI,bat,CSK,0,6,Ruturaj Gaikwad,2,3,4,CSK,MI,Devon Conway,Ruturaj Gaikwad,Jasprit Bumrah,0,0,,,,,,,,,31,0,8.45,5.76,98,125,0,1,0,31,22
9001,2025-05-18,T20,Indian Premier League 2025,Mumbai,Wankhede Stadium,MI,CSK,MI,bat,CSK,0,6,Ruturaj Gaikwad,2,3,5,CSK,MI,Devon Conway,Ruturaj Gaikwad,Jasprit Bumrah,0,0,,,,,,,,,31,0,8.09,5.81,97,125,0,1,0,31,23
9001,2025-05-18,T20,Indian Premier League 2025,Mumbai,Wankhede Stadium,MI,CSK,MI,bat,CSK,0,6,Ruturaj Gaikwad,2,3,6,CSK,MI,Devon Conway,Ruturaj Gaikwad,Jasprit Bumrah,1,0,,,,,,,,,32,0,8.0,5.81,96,125,0,0,0,32,24
9001,2025-05-18,T20,Indian Premier League 2025,Mumbai,Wankhede Stadium,MI,CSK,MI,bat,CSK,0,6,Ruturaj Gaikwad,2,4,1,CSK,MI,Devon Conway,Ruturaj Gaikwad,Akash Madhwal,0,0,,,,,,,,,32,0,7.68,5.87,95,125,0,1,0,32,25
9001,2025-05-18,T20,Indian Premier League 2025,Mumbai,Wankhede Stadium,MI,CSK,MI,bat,CSK,0,6,Ruturaj Gaikwad,2,4,2,CSK,MI,Devon Conway,Ruturaj Gaikwad,Akash Madhwal,1,0,,,,,,,,,33,0,7.62,5.87,94,125,0,0,0,33,26
9001,2025-05-18,T20,Indian Premier League 2025,Mumbai,Wankhede Stadium,MI,CSK,MI,bat,CSK,0,6,Ruturaj Gaikwad,2,4,3,CSK,MI,Ruturaj Gaikwad,Devon Conway,Akash Madhwal,4,0,,,,,,,,,37,0,8.22,5.68,93,125,1,0,0,37,27
9001,2025-05-18,T20,Indian Premier League 2025,Mumbai,Wankhede Stadium,MI,CSK,MI,bat,CSK,0,6,Ruturaj Gaikwad,2,4,4,CSK,MI,Ruturaj Gaikwad,Devon Conway,Akash Madhwal,0,0,,,,,,,,,37,0,7.93,5.74,92,125,0,1,0,37,28
9001,2025-05-18,T20,Indian Premier League 2025,Mumbai,Wankhede Stadium,MI,CSK,MI,bat,CSK,0,6,Ruturaj Gaikwad,2,4,5,CSK,MI,Ruturaj Gaikwad,Devon Conway,Akash Madhwal,4,0,,,,,,,,,41,0,8.48,5.54,91,125,1,0,0,41,29
9001,2025-05-18,T20,Indian Premier League 2025,Mumbai,Wankhede Stadium,MI,CSK,MI,bat,CSK,0,6,Ruturaj Gaikwad,2,4,6,CSK,MI,Ruturaj Gaikwad,Devon Conway,Akash Madhwal,0,0,,,,,,,,,41,0,8.2,5.6,90,125,0,1,0,41,30
9001,2025-05-18,T20,Indian Premier League 2025,Mumbai,Wankhede Stadium,MI,CSK,MI,bat,CSK,0,6,Ruturaj Gaikwad,2,5,1,CSK,MI,Devon Conway,Ruturaj Gaikwad,Piyush Chawla,0,1,1,,,,,,,,42,0,8.4,5.53,90,125,0,0,0,42,30
9001,2025-05-18,T20,Indian Premier League 2025,Mumbai,Wankhede Stadium,MI,CSK,MI,bat,CSK,0,6,Ruturaj Gaikwad,2,5,1,CSK,MI,Devon Conway,Ruturaj Gaikwad,Piyush Chawla,1,0,,,,,,,,,43,0,8.32,5.53,89,125,0,0,0,43,31
9001,2025-05-18,T20,Indian Premier League 2025,Mumbai,Wankhede Stadium,MI,CSK,MI,bat,CSK,0,6,Ruturaj Gaikwad,2,5,2,CSK,MI,Ruturaj Gaikwad,Devon Conway,Piyush Chawla,1,0,,,,,,,,,44,0,8.25,5.52,88,125,0,0,0,44,32
9001,2025-05-18,T20,Indian Premier League 2025,Mumbai,Wankhede Stadium,MI,CSK,MI,bat,CSK,0,6,Ruturaj Gaikwad,2,5,3,CSK,MI,Devon Conway,Ruturaj Gaikwad,Piyush Chawla,0,0,,,,,,,,,44,0,8.0,5.59,87,125,0,1,0,44,33
9001,2025-05-18,T20,Indian Premier League 2025,Mumbai,Wankhede Stadium,MI,CSK,MI,bat,CSK,0,6,Ruturaj Gaikwad,2,5,4,CSK,MI,Devon Conway,Ruturaj Gaikwad,Piyush Chawla,1,0,,,,,,,,,45,0,7.94,5.58,86,125,0,0,0,45,34
9001,2025-05-18,T20,Indian Premier League 2025,Mumbai,Wankhede Stadium,MI,CSK,MI,bat,CSK,0,6,Ruturaj Gaikwad,2,5,5,CSK,MI,Ruturaj Gaikwad,Devon Conway,Piyush Chawla,1,0,,,,,,,,,46,0,7.89,5.58,85,125,0,0,0,46,35
9001,2025-05-18,T20,Indian Premier League 2025,Mumbai,Wankhede Stadium,MI,CSK,MI,bat,CSK,0,6,Ruturaj Gaikwad,2,5,6,CSK,MI,Devon Conway,Ruturaj Gaikwad,Piyush Chawla,1,0,,,,,,,,,47,0,7.83,5.57,84,125,0,0,0,47,36
9001,2025-05-18,T20,Indian Premier League 2025,Mumbai,Wankhede Stadium,MI,CSK,MI,bat,CSK,0,6,Ruturaj Gaikwad,2,6,1,CSK,MI,Devon Conway,Ruturaj Gaikwad,Jasprit Bumrah,0,0,,,,,,,,,47,0,7.62,5.64,83,125,0,1,0,47,37
9001,2025-05-18,T20,Indian Premier League 2025,Mumbai,Wankhede Stadium,MI,CSK,MI,bat,CSK,0,6,Ruturaj Gaikwad,2,6,2,CSK,MI,Devon Conway,Ruturaj Gaikwad,Jasprit Bumrah,4,0,,,,,,,,,51,0,8.05,5.41,82,125,1,0,0,51,38
9001,2025-05-18,T20,Indian Premier League 2025,Mumbai,Wankhede Stadium,MI,CSK,MI,bat,CSK,0,6,Ruturaj Gaikwad,2,6,3,CSK,MI,Devon Conway,Ruturaj Gaikwad,Jasprit Bumrah,0,0,,,,,,,,,51,0,7.85,5.48,81,125,0,1,0,51,39
9001,2025-05-18,T20,Indian Premier League 2025,Mumbai,Wankhede Stadium,MI,CSK,MI,bat,CSK,0,6,Ruturaj Gaikwad,2,6,4,CSK,MI,Devon Conway,Ruturaj Gaikwad,Jasprit Bumrah,1,0,,,,,,,,,52,0,7.8,5.47,80,125,0,0,0,52,40
9001,2025-05-18,T20,Indian Premier League 2025,Mumbai,Wankhede Stadium,MI,CSK,MI,bat,CSK,0,6,Ruturaj Gaikwad,2,6,5,CSK,MI,Ruturaj Gaikwad,Devon Conway,Jasprit Bumrah,1,0,,,,,,,,,53,0,7.76,5.47,79,125,0,0,0,53,41
9001,2025-05-18,T20,Indian Premier League 2025,Mumbai,Wankhede Stadium,MI,CSK,MI,bat,CSK,0,6,Ruturaj Gaikwad,2,6,6,CSK,MI,Devon Conway,Ruturaj Gaikwad,Jasprit Bumrah,2,0,,,,,,,,,55,0,7.86,5.38,78,125,0,0,0,55,42
9001,2025-05-18,T20,Indian Premier League 2025,Mumbai,Wankhede Stadium,MI,CSK,MI,bat,CSK,0,6,Ruturaj Gaikwad,2,7,1,CSK,MI,Ruturaj Gaikwad,Devon Conway,Tim David,0,0,,,,,,,,,55,0,7.67,5.45,77,125,0,1,0,55,43
9001,2025-05-18,T20,Indian Premier League 2025,Mumbai,Wankhede Stadium,MI,CSK,MI,bat,CSK,0,6,Ruturaj Gaikwad,2,7,2,CSK,MI,Ruturaj Gaikwad,Devon Conway,Tim David,0,0,,,,,,,,,55,0,7.5,5.53,76,125,0,1,0,55,44
9001,2025-05-18,T20,Indian Premier League 2025,Mumbai,Wankhede Stadium,MI,CSK,MI,bat,CSK,0,6,Ruturaj Gaikwad,2,7,3,CSK,MI,Ruturaj Gaikwad,Devon Conway,Tim David,2,0,,,,,,,,,57,0,7.6,5.44,75,125,0,0,0,57,45
9001,2025-05-18,T20,Indian Premier League 2025,Mumbai,Wankhede Stadium,MI,CSK,MI,bat,CSK,0,6,Ruturaj Gaikwad,2,7,4,CSK,MI,Ruturaj Gaikwad,Devon Conway,Tim David,1,0,,,,,,,,,58,0,7.57,5.43,74,125,0,0,0,58,46
9001,2025-05-18,T20,Indian Premier League 2025,Mumbai,Wankhede Stadium,MI,CSK,MI,bat,CSK,0,6,Ruturaj Gaikwad,2,7,5,CSK,MI,Devon Conway,Ruturaj Gaikwad,Tim David,0,0,,,,,,,,,58,0,7.4,5.51,73,125,0,1,0,58,47
9001,2025-05-18,T20,Indian Premier League 2025,Mumbai,Wankhede Stadium,MI,CSK,MI,bat,CSK,0,6,Ruturaj Gaikwad,2,7,6,CSK,MI,Devon Conway,Ruturaj Gaikwad,Tim David,0,0,,,,,,,,,58,0,7.25,5.58,72,125,0,1,0,58,48
9001,2025-05-18,T20,Indian Premier League 2025,Mumbai,Wankhede Stadium,MI,CSK,MI,bat,CSK,0,6,Ruturaj Gaikwad,2,8,1,CSK,MI,Ruturaj Gaikwad,Devon Conway,Piyush Chawla,0,0,,,,,,,,,58,0,7.1,5.66,71,125,0,1,0,58,49
9001,2025-05-18,T20,Indian Premier League 2025,Mumbai,Wankhede Stadium,MI,CSK,MI,bat,CSK,0,6,Ruturaj Gaikwad,2,8,2,CSK,MI,Ruturaj Gaikwad,Devon Conway,Piyush Chawla,0,0,,,,,,,,,58,0,6.96,5.74,70,125,0,1,0,58,50
9001,2025-05-18,T20,Indian Premier League 2025,Mumbai,Wankhede Stadium,MI,CSK,MI,bat,CSK,0,6,Ruturaj Gaikwad,2,8,3,CSK,MI,Ruturaj Gaikwad,Devon Conway,Piyush Chawla,0,0,,,,,,,,,58,0,6.82,5.83,69,125,0,1,0,58,51
9001,2025-05-18,T20,Indian Premier League 2025,Mumbai,Wankhede Stadium,MI,CSK,MI,bat,CSK,0,6,Ruturaj Gaikwad,2,8,4,CSK,MI,Ruturaj Gaikwad,Devon Conway,Piyush Chawla,1,0,,,,,,,,,59,0,6.81,5.82,68,125,0,0,0,59,52
9001,2025-05-18,T20,Indian Premier League 2025,Mumbai,Wankhede Stadium,MI,CSK,MI,bat,CSK,0,6,Ruturaj Gaikwad,2,8,5,CSK,MI,Devon Conway,Ruturaj Gaikwad,Piyush Chawla,0,0,,,,,,,,,59,0,6.68,5.91,67,125,0,1,0,59,53
9001,2025-05-18,T20,Indian Premier League 2025,Mumbai,Wankhede Stadium,MI,CSK,MI,bat,CSK,0,6,Ruturaj Gaikwad,2,8,6,CSK,MI,Devon Conway,Ruturaj Gaikwad,Piyush Chawla,0,0,,,,,,,,,59,0,6.56,6.0,66,125,0,1,0,59,54
9001,2025-05-18,T20,Indian Premier League 2025,Mumbai,Wankhede Stadium,MI,CSK,MI,bat,CSK,0,6,Ruturaj Gaikwad,2,9,1,CSK,MI,Ruturaj Gaikwad,Devon Conway,Akash Madhwal,1,0,,,,,,,,,60,0,6.55,6.0,65,125,0,0,0,60,55
9001,2025-05-18,T20,Indian Premier League 2025,Mumbai,Wankhede Stadium,MI,CSK,MI,bat,CSK,0,6,Ruturaj Gaikwad,2,9,2,CSK,MI,Devon Conway,Ruturaj Gaikwad,Akash Madhwal,0,1,1,,,,,,,,61,0,6.65,5.91,65,125,0,0,0,61,55
9001,2025-05-18,T20,Indian Premier League 2025,Mumbai,Wankhede Stadium,MI,CSK,MI,bat,CSK,0,6,Ruturaj Gaikwad,2,9,2,CSK,MI,Devon Conway,Ruturaj Gaikwad,Akash Madhwal,0,0,,,,,,,,,61,0,6.54,6.0,64,125,0,1,0,61,56
9001,2025-05-18,T20,Indian Premier League 2025,Mumbai,Wankhede Stadium,MI,CSK,MI,bat,CSK,0,6,Ruturaj Gaikwad,2,9,3,CSK,MI,Devon Conway,Ruturaj Gaikwad,Akash Madhwal,1,0,,,,,,,,,62,0,6.53,6.0,63,125,0,0,0,62,57
9001,2025-05-18,T20,Indian Premier League 2025,Mumbai,Wankhede Stadium,MI,CSK,MI,bat,CSK,0,6,Ruturaj Gaikwad,2,9,4,CSK,MI,Ruturaj Gaikwad,Devon Conway,Akash Madhwal,0,0,,,,,,,,,62,0,6.41,6.1,62,125,0,1,0,62,58
9001,2025-05-18,T20,Indian Premier League 2025,Mumbai,Wankhede Stadium,MI,CSK,MI,bat,CSK,0,6,Ruturaj Gaikwad,2,9,5,CSK,MI,Ruturaj Gaikwad,Devon Conway,Akash Madhwal,0,0,,,,,,,,,62,0,6.31,6.2,61,125,0,1,0,62,59
9001,2025-05-18,T20,Indian Premier League 2025,Mumbai,Wankhede Stadium,MI,CSK,MI,bat,CSK,0,6,Ruturaj Gaikwad,2,9,6,CSK,MI,Ruturaj Gaikwad,Devon Conway,Akash Madhwal,0,0,,,,,,,,,62,0,6.2,6.3,60,125,0,1,0,62,60
9001,2025-05-18,T20,Indian Premier League 2025,Mumbai,Wankhede Stadium,MI,CSK,MI,bat,CSK,0,6,Ruturaj Gaikwad,2,10,1,CSK,MI,Devon Conway,Ruturaj Gaikwad,Tim David,1,0,,,,,,,,,63,0,6.2,6.31,59,125,0,0,0,63,61
9001,2025-05-18,T20,Indian Premier League 2025,Mumbai,Wankhede Stadium,MI,CSK,MI,bat,CSK,0,6,Ruturaj Gaikwad,2,10,2,CSK,MI,Ruturaj Gaikwad,Devon Conway,Tim David,0,0,,,,,,,,,63,0,6.1,6.41,58,125,0,1,0,63,62
9001,2025-05-18,T20,Indian Premier League 2025,Mumbai,Wankhede Stadium,MI,CSK,MI,bat,CSK,0,6,Ruturaj Gaikwad,2,10,3,CSK,MI,Ruturaj Gaikwad,Devon Conway,Tim David,0,0,,,,,,,,,63,0,6.0,6.53,57,125,0,1,0,63,63
9001,2025-05-18,T20,Indian Premier League 2025,Mumbai,Wankhede Stadium,MI,CSK,MI,bat,CSK,0,6,Ruturaj Gaikwad,2,10,4,CSK,MI,Ruturaj Gaikwad,Devon Conway,Tim David,0,0,,,,,,,,,63,0,5.91,6.64,56,125,0,1,0,63,64
9001,2025-05-18,T20,Indian Premier League 2025,Mumbai,Wankhede Stadium,MI,CSK,MI,bat,CSK,0,6,Ruturaj Gaikwad,2,10,5,CSK,MI,Ruturaj Gaikwad,Devon Conway,Tim David,6,0,,,,,,,,,69,0,6.37,6.11,55,125,1,0,0,69,65
9001,2025-05-18,T20,Indian Premier League 2025,Mumbai,Wankhede Stadium,MI,CSK,MI,bat,CSK,0,6,Ruturaj Gaikwad,2,10,6,CSK,MI,Ruturaj Gaikwad,Devon Conway,Tim David,0,0,,,,,,,,,69,0,6.27,6.22,54,125,0,1,0,69,66
9001,2025-05-18,T20,Indian Premier League 2025,Mumbai,Wankhede Stadium,MI,CSK,MI,bat,CSK,0,6,Ruturaj Gaikwad,2,11,1,CSK,MI,Devon Conway,Ruturaj Gaikwad,Gerald Coetzee,0,0,,,,,,,,,69,0,6.18,6.34,53,125,0,1,0,69,67
9001,2025-05-18,T20,Indian Premier League 2025,Mumbai,Wankhede Stadium,MI,CSK,MI,bat,CSK,0,6,Ruturaj Gaikwad,2,11,2,CSK,MI,Devon Conway,Ruturaj Gaikwad,Gerald Coetzee,0,0,,,,,,,,,69,0,6.09,6.46,52,125,0,1,0,69,68
9001,2025-05-18,T20,Indian Premier League 2025,Mumbai,Wankhede Stadium,MI,CSK,MI,bat,CSK,0,6,Ruturaj Gaikwad,2,11,3,CSK,MI,Devon Conway,Ruturaj Gaikwad,Gerald Coetzee,4,0,,,,,,,,,73,0,6.35,6.12,51,125,1,0,0,73,69
9001,2025-05-18,T20,Indian Premier League 2025,Mumbai,Wankhede Stadium,MI,CSK,MI,bat,CSK,0,6,Ruturaj Gaikwad,2,11,4,CSK,MI,Devon Conway,Ruturaj Gaikwad,Gerald Coetzee,0,0,,,,,,lbw,Devon Conway,,73,1,6.26,6.24,50,125,0,1,1,0,1
9001,2025-05-18,T20,Indian Premier League 2025,Mumbai,Wankhede Stadium,MI,CSK,MI,bat,CSK,0,6,Ruturaj Gaikwad,2,11,5,CSK,MI,Ajinkya Rahane,Ruturaj Gaikwad,Gerald Coetzee,0,0,,,,,,,,,73,1,6.17,6.37,49,125,0,1,0,0,2
9001,2025-05-18,T20,Indian Premier League 2025,Mumbai,Wankhede Stadium,MI,CSK,MI,bat,CSK,0,6,Ruturaj Gaikwad,2,11,6,CSK,MI,Ajinkya Rahane,Ruturaj Gaikwad,Gerald Coetzee,4,0,,,,,,,,,77,1,6.42,6.0,48,125,1,0,0,4,3
9001,2025-05-18,T20,Indian Premier League 2025,Mumbai,Wankhede Stadium,MI,CSK,MI,bat,CSK,0,6,Ruturaj Gaikwad,2,12,1,CSK,MI,Ruturaj Gaikwad,Ajinkya Rahane,Jasprit Bumrah,0,0,,,,,,,,,77,1,6.33,6.13,47,125,0,1,0,4,4
9001,2025-05-18,T20,Indian Premier League 2025,Mumbai,Wankhede Stadium,MI,CSK,MI,bat,CSK,0,6,Ruturaj Gaikwad,2,12,2,CSK,MI,Ruturaj Gaikwad,Ajinkya Rahane,Jasprit Bumrah,0,0,,,,,,,,,77,1,6.24,6.26,46,125,0,1,0,4,5
9001,2025-05-18,T20,Indian Premier League 2025,Mumbai,Wankhede Stadium,MI,CSK,MI,bat,CSK,0,6,Ruturaj Gaikwad,2,12,3,CSK,MI,Ruturaj Gaikwad,Ajinkya Rahane,Jasprit Bumrah,6,0,,,,,,,,,83,1,6.64,5.6,45,125,1,0,0,10,6
9001,2025-05-18,T20,Indian Premier League 2025,Mumbai,Wankhede Stadium,MI,CSK,MI,bat,CSK,0,6,Ruturaj Gaikwad,2,12,4,CSK,MI,Ruturaj Gaikwad,Ajinkya Rahane,Jasprit Bumrah,1,0,,,,,,,,,84,1,6.63,5.59,44,125,0,0,0,11,7
9001,2025-05-18,T20,Indian Premier League 2025,Mumbai,Wankhede Stadium,MI,CSK,MI,bat,CSK,0,6,Ruturaj Gaikwad,2,12,5,CSK,MI,Ajinkya Rahane,Ruturaj Gaikwad,Jasprit Bumrah,0,0,,,,,,,,,84,1,6.55,5.72,43,125,0,1,0,11,8
9001,2025-05-18,T20,Indian Premier League 2025,Mumbai,Wankhede Stadium,MI,CSK,MI,bat,CSK,0,6,Ruturaj Gaikwad,2,12,6,CSK,MI,Ajinkya Rahane,Ruturaj Gaikwad,Jasprit Bumrah,4,0,,,,,,,,,88,1,6.77,5.29,42,125,1,0,0,15,9
9001,2025-05-18,T20,Indian Premier League 2025,Mumbai,Wankhede Stadium,MI,CSK,MI,bat,CSK,0,6,Ruturaj Gaikwad,2,13,1,CSK,MI,Ruturaj Gaikwad,Ajinkya Rahane,Hardik Pandya,0,0,,,,,,,,,88,1,6.68,5.41,41,125,0,1,0,15,10
9001,2025-05-18,T20,Indian Premier League 2025,Mumbai,Wankhede Stadium,MI,CSK,MI,bat,CSK,0,6,Ruturaj Gaikwad,2,13,2,CSK,MI,Ruturaj Gaikwad,Ajinkya Rahane,Hardik Pandya,1,0,,,,,,,,,89,1,6.67,5.4,40,125,0,0,0,16,11
9001,2025-05-18,T20,Indian Premier League 2025,Mumbai,Wankhede Stadium,MI,CSK,MI,bat,CSK,0,6,Ruturaj Gaikwad,2,13,3,CSK,MI,Ajinkya Rahane,Ruturaj Gaikwad,Hardik Pandya,0,0,,,,,,,,,89,1,6.59,5.54,39,125,0,1,0,16,12
9001,2025-05-18,T20,Indian Premier League 2025,Mumbai,Wankhede Stadium,MI,CSK,MI,bat,CSK,0,6,Ruturaj Gaikwad,2,13,4,CSK,MI,Ajinkya Rahane,Ruturaj Gaikwad,Hardik Pandya,0,0,,,,,,,,,89,1,6.51,5.68,38,125,0,1,0,16,13
9001,2025-05-18,T20,Indian Premier League 2025,Mumbai,Wankhede Stadium,MI,CSK,MI,bat,CSK,0,6,Ruturaj Gaikwad,2,13,5,CSK,MI,Ajinkya Rahane,Ruturaj Gaikwad,Hardik Pandya,0,0,,,,,,lbw,Ajinkya Rahane,,89,2,6.43,5.84,37,125,0,1,1,0,1
9001,2025-05-18,T20,Indian Premier League 2025,Mumbai,Wankhede Stadium,MI,CSK,MI,bat,CSK,0,6,Ruturaj Gaikwad,2,13,6,CSK,MI,Shivam Dube,Ruturaj Gaikwad,Hardik Pandya,1,0,,,,,,,,,90,2,6.43,5.83,36,125,0,0,0,1,2
9001,2025-05-18,T20,Indian Premier League 2025,Mumbai,Wankhede Stadium,MI,CSK,MI,bat,CSK,0,6,Ruturaj Gaikwad,2,14,1,CSK,MI,Shivam Dube,Ruturaj Gaikwad,Gerald Coetzee,1,0,,,,,,,,,91,2,6.42,5.83,35,125,0,0,0,2,3
9001,2025-05-18,T20,Indian Premier League 2025,Mumbai,Wankhede Stadium,MI,CSK,MI,bat,CSK,0,6,Ruturaj Gaikwad,2,14,2,CSK,MI,Ruturaj Gaikwad,Shivam Dube,Gerald Coetzee,4,0,,,,,,,,,95,2,6.63,5.29,34,125,1,0,0,6,4
9001,2025-05-18,T20,Indian Premier League 2025,Mumbai,Wankhede Stadium,MI,CSK,MI,bat,CSK,0,6,Ruturaj Gaikwad,2,14,3,CSK,MI,Ruturaj Gaikwad,Shivam Dube,Gerald Coetzee,1,0,,,,,,,,,96,2,6.62,5.27,33,125,0,0,0,7,5
9001,2025-05-18,T20,Indian Premier League 2025,Mumbai,Wankhede Stadium,MI,CSK,MI,bat,CSK,0,6,Ruturaj Gaikwad,2,14,4,CSK,MI,Shivam Dube,Ruturaj Gaikwad,Gerald Coetzee,0,0,,,,,,,,,96,2,6.55,5.44,32,125,0,1,0,7,6
9001,2025-05-18,T20,Indian Premier League 2025,Mumbai,Wankhede Stadium,MI,CSK,MI,bat,CSK,0,6,Ruturaj Gaikwad,2,14,5,CSK,MI,Shivam Dube,Ruturaj Gaikwad,Gerald Coetzee,1,0,,,,,,,,,97,2,6.54,5.42,31,125,0,0,0,8,7
9001,2025-05-18,T20,Indian Premier League 2025,Mumbai,Wankhede Stadium,MI,CSK,MI,bat,CSK,0,6,Ruturaj Gaikwad,2,14,6,CSK,MI,Ruturaj Gaikwad,Shivam Dube,Gerald Coetzee,0,0,,,,,,,,,97,2,6.47,5.6,30,125,0,1,0,8,8
9001,2025-05-18,T20,Indian Premier League 2025,Mumbai,Wankhede Stadium,MI,CSK,MI,bat,CSK,0,6,Ruturaj Gaikwad,2,15,1,CSK,MI,Shivam Dube,Ruturaj Gaikwad,Piyush Chawla,0,0,,,,,,,,,97,2,6.4,5.79,29,125,0,1,0,8,9
9001,2025-05-18,T20,Indian Premier League 2025,Mumbai,Wankhede Stadium,MI,CSK,MI,bat,CSK,0,6,Ruturaj Gaikwad,2,15,2,CSK,MI,Shivam Dube,Ruturaj Gaikwad,Piyush Chawla,0,0,,,,,,,,,97,2,6.33,6.0,28,125,0,1,0,8,10
9001,2025-05-18,T20,Indian Premier League 2025,Mumbai,Wankhede Stadium,MI,CSK,MI,bat,CSK,0,6,Ruturaj Gaikwad,2,15,3,CSK,MI,Shivam Dube,Ruturaj Gaikwad,Piyush Chawla,0,0,,,,,,,,,97,2,6.26,6.22,27,125,0,1,0,8,11
9001,2025-05-18,T20,Indian Premier League 2025,Mumbai,Wankhede Stadium,MI,CSK,MI,bat,CSK,0,6,Ruturaj Gaikwad,2,15,4,CSK,MI,Shivam Dube,Ruturaj Gaikwad,Piyush Chawla,2,0,,,,,,,,,99,2,6.32,6.0,26,125,0,0,0,10,12
9001,2025-05-18,T20,Indian Premier League 2025,Mumbai,Wankhede Stadium,MI,CSK,MI,bat,CSK,0,6,Ruturaj Gaikwad,2,15,5,CSK,MI,Shivam Dube,Ruturaj Gaikwad,Piyush Chawla,6,0,,,,,,,,,105,2,6.63,4.8,25,125,1,0,0,16,13
9001,2025-05-18,T20,Indian Premier League 2025,Mumbai,Wankhede Stadium,MI,CSK,MI,bat,CSK,0,6,Ruturaj Gaikwad,2,15,6,CSK,MI,Shivam Dube,Ruturaj Gaikwad,Piyush Chawla,0,0,,,,,,,,,105,2,6.56,5.0,24,125,0,1,0,16,14
9001,2025-05-18,T20,Indian Premier League 2025,Mumbai,Wankhede Stadium,MI,CSK,MI,bat,CSK,0,6,Ruturaj Gaikwad,2,16,1,CSK,MI,Ruturaj Gaikwad,Shivam Dube,Hardik Pandya,0,0,,,,,,,,,105,2,6.49,5.22,23,125,0,1,0,16,15
9001,2025-05-18,T20,Indian Premier League 2025,Mumbai,Wankhede Stadium,MI,CSK,MI,bat,CSK,0,6,Ruturaj Gaikwad,2,16,2,CSK,MI,Ruturaj Gaikwad,Shivam Dube,Hardik Pandya,0,0,,,,,,,,,105,2,6.43,5.45,22,125,0,1,0,16,16
9001,2025-05-18,T20,Indian Premier League 2025,Mumbai,Wankhede Stadium,MI,CSK,MI,bat,CSK,0,6,Ruturaj Gaikwad,2,16,3,CSK,MI,Ruturaj Gaikwad,Shivam Dube,Hardik Pandya,0,0,,,,,,,,,105,2,6.36,5.71,21,125,0,1,0,16,17
9001,2025-05-18,T20,Indian Premier League 2025,Mumbai,Wankhede Stadium,MI,CSK,MI,bat,CSK,0,6,Ruturaj Gaikwad,2,16,4,CSK,MI,Ruturaj Gaikwad,Shivam Dube,Hardik Pandya,0,0,,,,,,,,,105,2,6.3,6.0,20,125,0,1,0,16,18
9001,2025-05-18,T20,Indian Premier League 2025,Mumbai,Wankhede Stadium,MI,CSK,MI,bat,CSK,0,6,Ruturaj Gaikwad,2,16,5,CSK,MI,Ruturaj Gaikwad,Shivam Dube,Hardik Pandya,0,0,,,,,,,,,105,2,6.24,6.32,19,125,0,1,0,16,19
9001,2025-05-18,T20,Indian Premier League 2025,Mumbai,Wankhede Stadium,MI,CSK,MI,bat,CSK,0,6,Ruturaj Gaikwad,2,16,6,CSK,MI,Ruturaj Gaikwad,Shivam Dube,Hardik Pandya,1,0,,,,,,bowled,Ruturaj Gaikwad,,106,3,6.24,6.33,18,125,0,0,1,1,1
9001,2025-05-18,T20,Indian Premier League 2025,Mumbai,Wankhede Stadium,MI,CSK,MI,bat,CSK,0,6,Ruturaj Gaikwad,2,17,1,CSK,MI,Shivam Dube,Ravindra Jadeja,Akash Madhwal,0,0,,,,,,,,,106,3,6.17,6.71,17,125,0,1,0,1,2
9001,2025-05-18,T20,Indian Premier League 2025,Mumbai,Wankhede Stadium,MI,CSK,MI,bat,CSK,0,6,Ruturaj Gaikwad,2,17,2,CSK,MI,Shivam Dube,Ravindra Jadeja,Akash Madhwal,2,0,,,,,,stumped,Shivam Dube,Piyush Chawla,108,4,6.23,6.38,16,125,0,0,1,2,1
9001,2025-05-18,T20,Indian Premier League 2025,Mumbai,Wankhede Stadium,MI,CSK,MI,bat,CSK,0,6,Ruturaj Gaikwad,2,17,3,CSK,MI,MS Dhoni,Ravindra Jadeja,Akash Madhwal,0,0,,,,,,,,,108,4,6.17,6.8,15,125,0,1,0,2,2
9001,2025-05-18,T20,Indian Premier League 2025,Mumbai,Wankhede Stadium,MI,CSK,MI,bat,CSK,0,6,Ruturaj Gaikwad,2,17,4,CSK,MI,MS Dhoni,Ravindra Jadeja,Akash Madhwal,1,0,,,,,,,,,109,4,6.17,6.86,14,125,0,0,0,3,3
9001,2025-05-18,T20,Indian Premier League 2025,Mumbai,Wankhede Stadium,MI,CSK,MI,bat,CSK,0,6,Ruturaj Gaikwad,2,17,5,CSK,MI,Ravindra Jadeja,MS Dhoni,Akash Madhwal,0,0,,,,,,,,,109,4,6.11,7.38,13,125,0,1,0,3,4
9001,2025-05-18,T20,Indian Premier League 2025,Mumbai,Wankhede Stadium,MI,CSK,MI,bat,CSK,0,6,Ruturaj Gaikwad,2,17,6,CSK,MI,Ravindra Jadeja,MS Dhoni,Akash Madhwal,1,0,,,,,,,,,110,4,6.11,7.5,12,125,0,0,0,4,5
9001,2025-05-18,T20,Indian Premier League 2025,Mumbai,Wankhede Stadium,MI,CSK,MI,bat,CSK,0,6,Ruturaj Gaikwad,2,18,1,CSK,MI,Ravindra Jadeja,MS Dhoni,Tim David,1,0,,,,,,,,,111,4,6.11,7.64,11,125,0,0,0,5,6
9001,2025-05-18,T20,Indian Premier League 2025,Mumbai,Wankhede Stadium,MI,CSK,MI,bat,CSK,0,6,Ruturaj Gaikwad,2,18,2,CSK,MI,MS Dhoni,Ravindra Jadeja,Tim David,0,2,2,,,,,,,,113,4,6.22,6.55,11,125,0,0,0,7,6
9001,2025-05-18,T20,Indian Premier League 2025,Mumbai,Wankhede Stadium,MI,CSK,MI,bat,CSK,0,6,Ruturaj Gaikwad,2,18,2,CSK,MI,MS Dhoni,Ravindra Jadeja,Tim David,4,0,,,,,,,,,117,4,6.38,4.8,10,125,1,0,0,11,7
9001,2025-05-18,T20,Indian Premier League 2025,Mumbai,Wankhede Stadium,MI,CSK,MI,bat,CSK,0,6,Ruturaj Gaikwad,2,18,3,CSK,MI,MS Dhoni,Ravindra Jadeja,Tim David,2,0,,,,,,,,,119,4,6.43,4.0,9,125,0,0,0,13,8
9001,2025-05-18,T20,Indian Premier League 2025,Mumbai,Wankhede Stadium,MI,CSK,MI,bat,CSK,0,6,Ruturaj Gaikwad,2,18,4,CSK,MI,MS Dhoni,Ravindra Jadeja,Tim David,0,0,,,,,,,,,119,4,6.38,4.5,8,125,0,1,0,13,9
9001,2025-05-18,T20,Indian Premier League 2025,Mumbai,Wankhede Stadium,MI,CSK,MI,bat,CSK,0,6,Ruturaj Gaikwad,2,18,5,CSK,MI,MS Dhoni,Ravindra Jadeja,Tim David,6,0,,,,,,,,,125,4,6.64,0.0,7,125,1,0,0,19,10
